2026-04-22 22:16:15,042 [INFO] Activator:176 - 


2026-04-22 22:16:15,045 [INFO] Activator:177 - !SESSION log4j initialized
2026-04-22 22:16:29,572 [INFO] LogOutputStream:77 - [STDOUT_REDIRECT] 
2026-04-22 22:16:39,972 [INFO] ApplicationProperties:184 - Using Application install path: C:\ST\STM32CubeIDE_1.14.0\STM32CubeIDE\plugins\com.st.stm32cube.common.mx_6.10.0.202311202037
2026-04-22 22:16:40,015 [INFO] DbMcusXml:78 - Set database path to: C:\ST\STM32CubeIDE_1.14.0\STM32CubeIDE\plugins\com.st.stm32cube.common.mx_6.10.0.202311202037\\db\/mcu/
2026-04-22 22:16:40,020 [INFO] ApiDb:274 - Set plugin database path to: C:\ST\STM32CubeIDE_1.14.0\STM32CubeIDE\plugins\com.st.stm32cube.common.mx_6.10.0.202311202037\\db\/plugins/boardmanager/
2026-04-22 22:16:40,021 [WARN] ApiDb:259 - Overriding images path with different value:  => C:\ST\STM32CubeIDE_1.14.0\STM32CubeIDE\plugins\com.st.stm32cube.common.mx_6.10.0.202311202037\\db\/plugins/mcufinder/images/
2026-04-22 22:16:40,042 [INFO] ApiDb:250 - Set database path to: C:\Users\hop\.stmcufinder\plugins\mcufinder//mcu/
2026-04-22 22:16:40,044 [INFO] DbMcusAds:125 - Set database path to: C:\Users\hop\.stmcufinder\plugins\mcufinder//mcu/
2026-04-22 22:16:40,051 [INFO] CrossReferenceDbSqlite:203 - Set database path to: C:\Users\hop\.stmcufinder\plugins\mcufinder//mcu/cs/
2026-04-22 22:16:40,315 [INFO] RulesReader:64 - Compatibility file has been processed (297 Rules)
2026-04-22 22:16:40,593 [INFO] DbMcusXml:78 - Set database path to: C:\ST\STM32CubeIDE_1.14.0\STM32CubeIDE\plugins\com.st.stm32cube.common.mx_6.10.0.202311202037\\db\/mcu/
2026-04-22 22:16:40,594 [INFO] ApiDb:274 - Set plugin database path to: C:\ST\STM32CubeIDE_1.14.0\STM32CubeIDE\plugins\com.st.stm32cube.common.mx_6.10.0.202311202037\\db\/plugins/boardmanager/
2026-04-22 22:16:40,594 [INFO] ApiDb:261 - Set plugin images path to: C:\ST\STM32CubeIDE_1.14.0\STM32CubeIDE\plugins\com.st.stm32cube.common.mx_6.10.0.202311202037\\db\/plugins/mcufinder/images/
2026-04-22 22:16:40,599 [WARN] DbFile:41 - Overriding database path with different value: C:\Users\hop\.stmcufinder\plugins\mcufinder/ => C:\Users\hop\.stmcufinder\plugins\mcufinder
2026-04-22 22:16:40,605 [INFO] ApiDb:250 - Set database path to: C:\Users\hop\.stmcufinder\plugins\mcufinder//mcu/
2026-04-22 22:16:40,605 [WARN] DbFile:41 - Overriding database path with different value: C:\Users\hop\.stmcufinder\plugins\mcufinder/ => C:\Users\hop\.stmcufinder\plugins\mcufinder
2026-04-22 22:16:40,606 [INFO] DbMcusAds:125 - Set database path to: C:\Users\hop\.stmcufinder\plugins\mcufinder//mcu/
2026-04-22 22:16:40,606 [WARN] DbFile:41 - Overriding database path with different value: C:\Users\hop\.stmcufinder\plugins\mcufinder/ => C:\Users\hop\.stmcufinder\plugins\mcufinder
2026-04-22 22:16:40,606 [WARN] DbFile:41 - Overriding database path with different value: C:\Users\hop\.stmcufinder\plugins\mcufinder/ => C:\Users\hop\.stmcufinder\plugins\mcufinder
2026-04-22 22:16:40,607 [INFO] CrossReferenceDbSqlite:203 - Set database path to: C:\Users\hop\.stmcufinder\plugins\mcufinder//mcu/cs/
2026-04-22 22:16:40,899 [INFO] MainPanel:264 - HeapMemory: 268435456
2026-04-22 22:16:41,047 [INFO] DbMcusXml:78 - Set database path to: C:\ST\STM32CubeIDE_1.14.0\STM32CubeIDE\plugins\com.st.stm32cube.common.mx_6.10.0.202311202037\\db\/mcu/
2026-04-22 22:16:41,048 [INFO] ApiDb:274 - Set plugin database path to: C:\ST\STM32CubeIDE_1.14.0\STM32CubeIDE\plugins\com.st.stm32cube.common.mx_6.10.0.202311202037\\db\/plugins/boardmanager/
2026-04-22 22:16:41,048 [INFO] ApiDb:261 - Set plugin images path to: C:\ST\STM32CubeIDE_1.14.0\STM32CubeIDE\plugins\com.st.stm32cube.common.mx_6.10.0.202311202037\\db\/plugins/mcufinder/images/
2026-04-22 22:16:41,048 [WARN] DbFile:41 - Overriding database path with different value: C:\Users\hop\.stmcufinder\plugins\mcufinder/ => C:\Users\hop\.stmcufinder\plugins\mcufinder
2026-04-22 22:16:41,049 [INFO] ApiDb:250 - Set database path to: C:\Users\hop\.stmcufinder\plugins\mcufinder//mcu/
2026-04-22 22:16:41,049 [WARN] DbFile:41 - Overriding database path with different value: C:\Users\hop\.stmcufinder\plugins\mcufinder/ => C:\Users\hop\.stmcufinder\plugins\mcufinder
2026-04-22 22:16:41,049 [INFO] DbMcusAds:125 - Set database path to: C:\Users\hop\.stmcufinder\plugins\mcufinder//mcu/
2026-04-22 22:16:41,049 [WARN] DbFile:41 - Overriding database path with different value: C:\Users\hop\.stmcufinder\plugins\mcufinder/ => C:\Users\hop\.stmcufinder\plugins\mcufinder
2026-04-22 22:16:41,049 [WARN] DbFile:41 - Overriding database path with different value: C:\Users\hop\.stmcufinder\plugins\mcufinder/ => C:\Users\hop\.stmcufinder\plugins\mcufinder
2026-04-22 22:16:41,049 [INFO] CrossReferenceDbSqlite:203 - Set database path to: C:\Users\hop\.stmcufinder\plugins\mcufinder//mcu/cs/
2026-04-22 22:16:41,081 [INFO] ApplicationProperties:184 - Using Application install path: C:\ST\STM32CubeIDE_1.14.0\STM32CubeIDE\plugins\com.st.stm32cube.common.mx_6.10.0.202311202037
2026-04-22 22:16:41,083 [INFO] PluginManage:196 - Search for loadable plugins [exclusion list=, ]
2026-04-22 22:16:41,086 [INFO] PluginManage:310 - Check plugin analytics
2026-04-22 22:16:41,405 [INFO] AnalyticsPlugin:253 - Accepted Software Licenses: STM32CubeMX.6.11.0
2026-04-22 22:16:41,406 [INFO] AnalyticsPlugin:255 - Accepted CMSIS Pack Licenses: 
2026-04-22 22:16:41,408 [INFO] AnalyticsPlugin:257 - Accepted Firmware Licenses: FW.F4.1.28.0
2026-04-22 22:16:41,418 [INFO] PluginManage:359 - Loaded plugin analytics (category:tool,tabindex:-1)
2026-04-22 22:16:41,419 [INFO] PluginManage:310 - Check plugin cadmodel
2026-04-22 22:16:41,433 [INFO] CADModel:105 - Init CAD model plugin
2026-04-22 22:16:41,434 [INFO] PluginManage:359 - Loaded plugin cadmodel (category:power,tabindex:5)
2026-04-22 22:16:41,434 [INFO] PluginManage:310 - Check plugin clock
2026-04-22 22:16:41,461 [INFO] PluginManage:359 - Loaded plugin clock (category:base,tabindex:2)
2026-04-22 22:16:41,461 [INFO] PluginManage:310 - Check plugin ddr
2026-04-22 22:16:41,466 [INFO] PluginManage:359 - Loaded plugin ddr (category:tool,tabindex:6)
2026-04-22 22:16:41,468 [INFO] PluginManage:310 - Check plugin filemanager
2026-04-22 22:16:41,768 [INFO] PluginManage:359 - Loaded plugin filemanager (category:base,tabindex:10)
2026-04-22 22:16:41,768 [INFO] PluginManage:310 - Check plugin ipmanager
2026-04-22 22:16:41,785 [INFO] PluginManage:359 - Loaded plugin ipmanager (category:base,tabindex:5)
2026-04-22 22:16:41,785 [INFO] PluginManage:310 - Check plugin lpbam
2026-04-22 22:16:41,805 [INFO] PluginManage:359 - Loaded plugin lpbam (category:base,tabindex:0)
2026-04-22 22:16:41,805 [INFO] PluginManage:310 - Check plugin memorymap
2026-04-22 22:16:41,837 [INFO] PluginManage:359 - Loaded plugin memorymap (category:base,tabindex:4)
2026-04-22 22:16:41,838 [INFO] PluginManage:310 - Check plugin pinoutandconfiguration
2026-04-22 22:16:41,860 [INFO] PluginManage:359 - Loaded plugin pinoutandconfiguration (category:base,tabindex:1)
2026-04-22 22:16:41,860 [INFO] PluginManage:310 - Check plugin pinoutconfig
2026-04-22 22:16:42,158 [WARN] SupportedApi:132 - Cannot load RTOS API schema: s4s-elt-must-match.1: The content of 'definitions' must match (annotation?, (simpleType | complexType)?, (unique | key | keyref)*)). A problem was found starting at: attribute.
2026-04-22 22:16:42,402 [INFO] PluginManage:359 - Loaded plugin pinoutconfig (category:base,tabindex:0)
2026-04-22 22:16:42,403 [INFO] PluginManage:310 - Check plugin power
2026-04-22 22:16:42,438 [INFO] PluginManage:359 - Loaded plugin power (category:power,tabindex:4)
2026-04-22 22:16:42,438 [INFO] PluginManage:310 - Check plugin projectmanager
2026-04-22 22:16:42,478 [INFO] PluginManage:359 - Loaded plugin projectmanager (category:projectmanager,tabindex:3)
2026-04-22 22:16:42,478 [INFO] PluginManage:310 - Check plugin thirdparty
2026-04-22 22:16:43,088 [INFO] PluginManage:359 - Loaded plugin thirdparty (category:base,tabindex:-1)
2026-04-22 22:16:43,088 [INFO] PluginManage:310 - Check plugin tools
2026-04-22 22:16:43,088 [WARN] IntegrityCheckThread:84 - waiting for thirdparty lock release [integrity check]
2026-04-22 22:16:43,090 [INFO] IntegrityCheckThread:86 - entering critical section [integrity check]
2026-04-22 22:16:43,091 [INFO] ThirdPartyUpdaterWithRetryManager:70 - Updater plugin not ready yet. [1/15]
2026-04-22 22:16:43,099 [INFO] PluginManage:359 - Loaded plugin tools (category:base,tabindex:7)
2026-04-22 22:16:43,099 [INFO] PluginManage:310 - Check plugin tutovideos
2026-04-22 22:16:43,424 [INFO] PluginManage:359 - Loaded plugin tutovideos (category:base,tabindex:-1)
2026-04-22 22:16:43,424 [INFO] PluginManage:310 - Check plugin updater
2026-04-22 22:16:43,445 [INFO] PluginManage:359 - Loaded plugin updater (category:base,tabindex:12)
2026-04-22 22:16:43,445 [INFO] PluginManage:310 - Check plugin userauth
2026-04-22 22:16:43,456 [INFO] UserAuth:114 - Init User Auth plugin
2026-04-22 22:16:43,456 [INFO] PluginManage:359 - Loaded plugin userauth (category:base,tabindex:14)
2026-04-22 22:16:43,457 [INFO] PluginManage:283 - PluginManage : Loaded plugins [17]
2026-04-22 22:16:44,088 [INFO] PinOutPanel:1499 - setPackage(No Configuration,No Configuration)
2026-04-22 22:16:44,239 [INFO] CADModel:165 - CPN selected for project level
2026-04-22 22:16:44,239 [INFO] CADModel:114 - Register for checkConnection events
2026-04-22 22:16:44,273 [INFO] IPUIPlugin:80 - create IPUIPlugin
2026-04-22 22:16:44,274 [INFO] PluginManager:220 - loadIPPluginJar : add adc
2026-04-22 22:16:44,281 [INFO] IPUIPlugin:80 - create IPUIPlugin
2026-04-22 22:16:44,282 [INFO] PluginManager:220 - loadIPPluginJar : add aes
2026-04-22 22:16:44,288 [INFO] IPUIPlugin:80 - create IPUIPlugin
2026-04-22 22:16:44,288 [INFO] PluginManager:220 - loadIPPluginJar : add can
2026-04-22 22:16:44,293 [INFO] IPUIPlugin:80 - create IPUIPlugin
2026-04-22 22:16:44,293 [INFO] PluginManager:220 - loadIPPluginJar : add comp
2026-04-22 22:16:44,299 [INFO] IPUIPlugin:80 - create IPUIPlugin
2026-04-22 22:16:44,300 [INFO] PluginManager:220 - loadIPPluginJar : add cryp
2026-04-22 22:16:44,305 [INFO] IPUIPlugin:80 - create IPUIPlugin
2026-04-22 22:16:44,305 [INFO] PluginManager:220 - loadIPPluginJar : add dfsdm
2026-04-22 22:16:44,317 [INFO] IPUIPlugin:80 - create IPUIPlugin
2026-04-22 22:16:44,318 [INFO] PluginManager:220 - loadIPPluginJar : add dma
2026-04-22 22:16:44,323 [INFO] IPUIPlugin:80 - create IPUIPlugin
2026-04-22 22:16:44,324 [INFO] PluginManager:220 - loadIPPluginJar : add dma3
2026-04-22 22:16:44,328 [INFO] IPUIPlugin:80 - create IPUIPlugin
2026-04-22 22:16:44,328 [INFO] PluginManager:220 - loadIPPluginJar : add fatfs
2026-04-22 22:16:44,343 [INFO] IPUIPlugin:80 - create IPUIPlugin
2026-04-22 22:16:44,344 [INFO] PluginManager:220 - loadIPPluginJar : add fmc
2026-04-22 22:16:44,356 [INFO] IPUIPlugin:80 - create IPUIPlugin
2026-04-22 22:16:44,357 [INFO] PluginManager:220 - loadIPPluginJar : add freertos
2026-04-22 22:16:44,361 [INFO] IPUIPlugin:80 - create IPUIPlugin
2026-04-22 22:16:44,361 [INFO] PluginManager:220 - loadIPPluginJar : add genericplugin
2026-04-22 22:16:44,367 [INFO] IPUIPlugin:80 - create IPUIPlugin
2026-04-22 22:16:44,368 [INFO] PluginManager:220 - loadIPPluginJar : add gfxmmu
2026-04-22 22:16:44,375 [INFO] IPUIPlugin:80 - create IPUIPlugin
2026-04-22 22:16:44,376 [INFO] PluginManager:220 - loadIPPluginJar : add gic
2026-04-22 22:16:44,384 [INFO] IPUIPlugin:80 - create IPUIPlugin
2026-04-22 22:16:44,384 [INFO] PluginManager:220 - loadIPPluginJar : add gpio
2026-04-22 22:16:44,390 [INFO] IPUIPlugin:80 - create IPUIPlugin
2026-04-22 22:16:44,390 [INFO] PluginManager:220 - loadIPPluginJar : add gtzc
2026-04-22 22:16:44,396 [INFO] IPUIPlugin:80 - create IPUIPlugin
2026-04-22 22:16:44,396 [INFO] PluginManager:220 - loadIPPluginJar : add hash
2026-04-22 22:16:44,403 [INFO] IPUIPlugin:80 - create IPUIPlugin
2026-04-22 22:16:44,403 [INFO] PluginManager:220 - loadIPPluginJar : add i2c
2026-04-22 22:16:44,409 [INFO] IPUIPlugin:80 - create IPUIPlugin
2026-04-22 22:16:44,410 [INFO] PluginManager:220 - loadIPPluginJar : add i2s
2026-04-22 22:16:44,415 [INFO] IPUIPlugin:80 - create IPUIPlugin
2026-04-22 22:16:44,416 [INFO] PluginManager:220 - loadIPPluginJar : add i3c
2026-04-22 22:16:44,423 [INFO] IPUIPlugin:80 - create IPUIPlugin
2026-04-22 22:16:44,425 [INFO] PluginManager:220 - loadIPPluginJar : add ipddr
2026-04-22 22:16:44,438 [INFO] IPUIPlugin:80 - create IPUIPlugin
2026-04-22 22:16:44,439 [INFO] PluginManager:220 - loadIPPluginJar : add linkedlist
2026-04-22 22:16:44,443 [INFO] IPUIPlugin:80 - create IPUIPlugin
2026-04-22 22:16:44,443 [INFO] PluginManager:220 - loadIPPluginJar : add lorawan
2026-04-22 22:16:44,447 [INFO] IPUIPlugin:80 - create IPUIPlugin
2026-04-22 22:16:44,448 [INFO] PluginManager:220 - loadIPPluginJar : add ltdc
2026-04-22 22:16:44,457 [INFO] IPUIPlugin:80 - create IPUIPlugin
2026-04-22 22:16:44,457 [INFO] PluginManager:220 - loadIPPluginJar : add mdma
2026-04-22 22:16:44,464 [INFO] IPUIPlugin:80 - create IPUIPlugin
2026-04-22 22:16:44,464 [INFO] PluginManager:220 - loadIPPluginJar : add nvic
2026-04-22 22:16:44,470 [INFO] IPUIPlugin:80 - create IPUIPlugin
2026-04-22 22:16:44,470 [INFO] PluginManager:220 - loadIPPluginJar : add opamp
2026-04-22 22:16:44,475 [INFO] IPUIPlugin:80 - create IPUIPlugin
2026-04-22 22:16:44,475 [INFO] PluginManager:220 - loadIPPluginJar : add openamp
2026-04-22 22:16:44,481 [INFO] IPUIPlugin:80 - create IPUIPlugin
2026-04-22 22:16:44,482 [INFO] PluginManager:220 - loadIPPluginJar : add pdm2pcm
2026-04-22 22:16:44,492 [INFO] IPUIPlugin:80 - create IPUIPlugin
2026-04-22 22:16:44,495 [INFO] PluginManager:220 - loadIPPluginJar : add plateformsettings
2026-04-22 22:16:44,499 [INFO] IPUIPlugin:80 - create IPUIPlugin
2026-04-22 22:16:44,499 [INFO] PluginManager:220 - loadIPPluginJar : add quadspi
2026-04-22 22:16:44,505 [INFO] IPUIPlugin:80 - create IPUIPlugin
2026-04-22 22:16:44,506 [INFO] PluginManager:220 - loadIPPluginJar : add resmgrutility
2026-04-22 22:16:44,511 [INFO] IPUIPlugin:80 - create IPUIPlugin
2026-04-22 22:16:44,511 [INFO] PluginManager:220 - loadIPPluginJar : add sai
2026-04-22 22:16:44,516 [INFO] IPUIPlugin:80 - create IPUIPlugin
2026-04-22 22:16:44,516 [INFO] PluginManager:220 - loadIPPluginJar : add spi
2026-04-22 22:16:44,523 [INFO] IPUIPlugin:80 - create IPUIPlugin
2026-04-22 22:16:44,523 [INFO] PluginManager:220 - loadIPPluginJar : add stm32_wpan
2026-04-22 22:16:44,527 [INFO] IPUIPlugin:80 - create IPUIPlugin
2026-04-22 22:16:44,528 [INFO] PluginManager:220 - loadIPPluginJar : add tim
2026-04-22 22:16:44,534 [INFO] IPUIPlugin:80 - create IPUIPlugin
2026-04-22 22:16:44,534 [INFO] PluginManager:220 - loadIPPluginJar : add touchsensing
2026-04-22 22:16:44,538 [INFO] IPUIPlugin:80 - create IPUIPlugin
2026-04-22 22:16:44,539 [INFO] PluginManager:220 - loadIPPluginJar : add tracer_emb
2026-04-22 22:16:44,542 [INFO] IPUIPlugin:80 - create IPUIPlugin
2026-04-22 22:16:44,542 [INFO] PluginManager:220 - loadIPPluginJar : add ts
2026-04-22 22:16:44,545 [INFO] IPUIPlugin:80 - create IPUIPlugin
2026-04-22 22:16:44,545 [INFO] PluginManager:220 - loadIPPluginJar : add tsc
2026-04-22 22:16:44,550 [INFO] IPUIPlugin:80 - create IPUIPlugin
2026-04-22 22:16:44,550 [INFO] PluginManager:220 - loadIPPluginJar : add ucpd
2026-04-22 22:16:44,555 [INFO] IPUIPlugin:80 - create IPUIPlugin
2026-04-22 22:16:44,555 [INFO] PluginManager:220 - loadIPPluginJar : add usart
2026-04-22 22:16:44,561 [INFO] IPUIPlugin:80 - create IPUIPlugin
2026-04-22 22:16:44,561 [INFO] PluginManager:220 - loadIPPluginJar : add usbx
2026-04-22 22:16:44,754 [INFO] CADModel:165 - CPN selected for project level
2026-04-22 22:16:44,755 [INFO] CADModel:114 - Register for checkConnection events
2026-04-22 22:16:44,756 [FATAL] Updater:308 - Updater called before beeing initialized
2026-04-22 22:16:44,758 [ERROR] CADModel:125 - Updater not yet initialized, retry later 
2026-04-22 22:16:45,045 [INFO] CADModel:165 - CPN selected for project level
2026-04-22 22:16:45,045 [INFO] CADModel:114 - Register for checkConnection events
2026-04-22 22:16:45,045 [FATAL] Updater:308 - Updater called before beeing initialized
2026-04-22 22:16:45,045 [ERROR] CADModel:125 - Updater not yet initialized, retry later 
2026-04-22 22:16:45,052 [FATAL] Updater:308 - Updater called before beeing initialized
2026-04-22 22:16:45,056 [ERROR] ConfigurationRetriever:142 - IOException on connection: Connection reset
2026-04-22 22:16:45,071 [ERROR] ConfigurationRetriever:142 - IOException on connection: Connection reset
2026-04-22 22:16:45,329 [FATAL] Updater:308 - Updater called before beeing initialized
2026-04-22 22:16:45,337 [INFO] DbMcusAds:53 - JSON generation date=Thu Sep 30 10:25:09 IRST 2021 (1632984909247)
2026-04-22 22:16:45,337 [FATAL] Updater:308 - Updater called before beeing initialized
2026-04-22 22:16:45,411 [WARN] DetailPanel:346 - Failed to get advertising image, set to default
2026-04-22 22:16:45,551 [FATAL] Updater:308 - Updater called before beeing initialized
2026-04-22 22:16:45,553 [FATAL] Updater:308 - Updater called before beeing initialized
2026-04-22 22:16:45,554 [FATAL] Updater:308 - Updater called before beeing initialized
2026-04-22 22:16:45,554 [WARN] DetailPanel:346 - Failed to get advertising image, set to default
2026-04-22 22:16:45,555 [FATAL] Updater:308 - Updater called before beeing initialized
2026-04-22 22:16:45,656 [ERROR] Updater:1120 - MainUpdater not yet initialized. External WinMGr cannot be set.
2026-04-22 22:16:45,661 [INFO] Updater:1056 - Updater Version found : 6.10.0
2026-04-22 22:16:45,689 [INFO] ApplicationProperties:184 - Using Application install path: C:\ST\STM32CubeIDE_1.14.0\STM32CubeIDE\plugins\com.st.stm32cube.common.mx_6.10.0.202311202037
2026-04-22 22:16:45,774 [ERROR] ConfigurationRetriever:142 - IOException on connection: Connection reset
2026-04-22 22:16:45,782 [ERROR] ConfigurationRetriever:142 - IOException on connection: Connection reset
2026-04-22 22:16:46,092 [INFO] ThirdPartyUpdaterWithRetryManager:70 - Updater plugin not ready yet. [2/15]
2026-04-22 22:16:46,455 [ERROR] ConfigurationRetriever:142 - IOException on connection: Connection reset
2026-04-22 22:16:46,502 [ERROR] ConfigurationRetriever:142 - IOException on connection: Connection reset
2026-04-22 22:16:47,278 [ERROR] LogOutputStream:75 - [STDERR_REDIRECT] Apr 22, 2026 10:16:47 PM java.util.prefs.WindowsPreferences <init>
2026-04-22 22:16:47,283 [ERROR] LogOutputStream:75 - [STDERR_REDIRECT] WARNING: Could not open/create prefs root node Software\JavaSoft\Prefs at root 0xffffffff80000002. Windows RegCreateKeyEx(...) returned error code 5.
2026-04-22 22:16:47,284 [ERROR] LogOutputStream:75 - [STDERR_REDIRECT] 
2026-04-22 22:16:48,596 [INFO] RetryExec:97 - I/O exception (java.net.SocketException) caught when processing request to {s}->https://sw-center.st.com:443: Connection reset
2026-04-22 22:16:48,597 [INFO] RetryExec:113 - Retrying request to {s}->https://sw-center.st.com:443
2026-04-22 22:16:49,093 [FATAL] Updater:308 - Updater called before beeing initialized
2026-04-22 22:16:49,096 [ERROR] IntegrityCheckThread:130 - Cannot retrieve database content from updater: error 21
2026-04-22 22:16:49,099 [INFO] ThirdParty:978 - Integrity check success = false
2026-04-22 22:16:49,100 [INFO] IntegrityCheckThread:100 - exiting critical section [integrity check]
2026-04-22 22:16:49,100 [INFO] IntegrityCheckThread:103 - End integrity checks thread
2026-04-22 22:16:49,340 [INFO] RetryExec:97 - I/O exception (java.net.SocketException) caught when processing request to {s}->https://sw-center.st.com:443: Connection reset
2026-04-22 22:16:49,341 [INFO] RetryExec:113 - Retrying request to {s}->https://sw-center.st.com:443
2026-04-22 22:16:50,083 [INFO] RetryExec:97 - I/O exception (java.net.SocketException) caught when processing request to {s}->https://sw-center.st.com:443: Connection reset
2026-04-22 22:16:50,083 [INFO] RetryExec:113 - Retrying request to {s}->https://sw-center.st.com:443
2026-04-22 22:16:50,798 [INFO] MainUpdater:2873 - connection check result : 22
2026-04-22 22:16:50,799 [INFO] MainUpdater:290 - Updater Check For Update Now.
2026-04-22 22:16:50,800 [INFO] MicroXplorer:498 - Change Database Version : DB.6.0.100
2026-04-22 22:16:50,813 [INFO] McuFinderGlobals:63 - Set McuFinder mode to 2 (CubeIDE integrated)
2026-04-22 22:16:50,814 [INFO] UserAuth:180 - activating auth plugin
2026-04-22 22:16:50,820 [INFO] UserAuth:404 - Internet connection configuration mode: 2
2026-04-22 22:16:50,866 [INFO] UserAuth:404 - Internet connection configuration mode: 2
2026-04-22 22:16:51,300 [INFO] CheckServerUpdateThread:120 - End of CheckServer Thread
2026-04-22 22:17:12,532 [ERROR] LogOutputStream:75 - [STDERR_REDIRECT] SLF4J: Failed to load class "org.slf4j.impl.StaticLoggerBinder".
2026-04-22 22:17:12,535 [ERROR] LogOutputStream:75 - [STDERR_REDIRECT] SLF4J: Defaulting to no-operation (NOP) logger implementation
2026-04-22 22:17:12,541 [ERROR] LogOutputStream:75 - [STDERR_REDIRECT] SLF4J: See http://www.slf4j.org/codes.html#StaticLoggerBinder for further details.
2026-04-22 22:26:09,764 [INFO] McuFinderGlobals:63 - Set McuFinder mode to 2 (CubeIDE integrated)
2026-04-22 22:26:12,387 [INFO] RetryExec:97 - I/O exception (java.net.SocketException) caught when processing request to {s}->https://sw-center.st.com:443: Connection reset
2026-04-22 22:26:12,387 [INFO] RetryExec:113 - Retrying request to {s}->https://sw-center.st.com:443
2026-04-22 22:26:13,127 [INFO] RetryExec:97 - I/O exception (java.net.SocketException) caught when processing request to {s}->https://sw-center.st.com:443: Connection reset
2026-04-22 22:26:13,127 [INFO] RetryExec:113 - Retrying request to {s}->https://sw-center.st.com:443
2026-04-22 22:26:13,882 [INFO] RetryExec:97 - I/O exception (java.net.SocketException) caught when processing request to {s}->https://sw-center.st.com:443: Connection reset
2026-04-22 22:26:13,882 [INFO] RetryExec:113 - Retrying request to {s}->https://sw-center.st.com:443
2026-04-22 22:26:14,601 [INFO] MainUpdater:2873 - connection check result : 22
2026-04-22 22:26:24,924 [INFO] ApiDb:581 - Connected to CubeFinder SQLite database (C:\Users\hop\.stmcufinder\plugins\mcufinder\mcu\cube-finder-db.db)
2026-04-22 22:26:25,097 [INFO] ApiDb:668 - CubeFinder database Data Model version=2.1
2026-04-22 22:26:25,098 [INFO] ApiDb:669 - CubeFinder database Configuration version=3.0.39
2026-04-22 22:26:25,098 [INFO] ApiDb:670 - CubeFinder database generation date=2024-03-01 (1709305525)
2026-04-22 22:26:25,098 [INFO] ApiDb:671 - CubeFinder database FW Pack versions=[FP-ATR-ASTRA1_V2.0.0, FP-SNS-FLIGHT1_V5.0.1, FP-SNS-FLIGHT1_V5.0.2, FP-SNS-MOTENV1_V4.3.1, FP-SNS-MOTENV1_V4.3.2, FP-SNS-MOTENVWB1_V1.3.1, FP-SNS-SMARTAG2_V1.2.0, STM32Cube_FW_C0_V1.1.0, STM32Cube_FW_F4_V1.28.0, STM32Cube_FW_F7_V1.17.0, STM32Cube_FW_G0_V1.6.2, STM32Cube_FW_G4_V1.5.2, STM32Cube_FW_H5_V0.5.1, STM32Cube_FW_H5_V1.1.1, STM32Cube_FW_H5_V1.2.0, STM32Cube_FW_H5_V1.2.0RC4, STM32Cube_FW_H7RS_V1.0.0, STM32Cube_FW_H7RS_V1.0.0RC4, STM32Cube_FW_H7_V1.11.0, STM32Cube_FW_L0_V1.12.2, STM32Cube_FW_L5_V1.5.1, STM32Cube_FW_U0_V1.0.0, STM32Cube_FW_U0_V1.0.0RC1, STM32Cube_FW_U5_V1.3.0RC4, STM32Cube_FW_U5_V1.5.0, STM32Cube_FW_U5_V1.5.0RC1, STM32Cube_FW_WBA_V1.0.0RC1, STM32Cube_FW_WBA_V1.2.0, STM32Cube_FW_WBA_V1.2.0RC2, STM32Cube_FW_WBA_V1.3.0, STM32Cube_FW_WBA_V1.3.0RC1, STM32Cube_FW_WB_V1.15.0RC1, STM32Cube_FW_WB_V1.16.0, STM32Cube_FW_WB_V1.16.0RC2, STM32Cube_FW_WB_V1.18.0, STM32Cube_FW_WB_V1.19.0, STM32Cube_FW_WL_V1.3.0, X-CUBE-ALGOBUILD_V1.3.0, X-CUBE-ALS_V1.0.1, X-CUBE-AZRTOS-F4_V1.1.0, X-CUBE-AZRTOS-F7_V1.1.0, X-CUBE-AZRTOS-G0_V1.1.0, X-CUBE-AZRTOS-G4_V2.0.0, X-CUBE-AZRTOS-H7_V3.2.0, X-CUBE-AZRTOS-L4_V1.0.0, X-CUBE-AZRTOS-L4_V2.0.0, X-CUBE-AZRTOS-L5_V1.1.0, X-CUBE-AZRTOS-WB_V2.0.0, X-CUBE-AZRTOS-WL_V2.0.0, X-CUBE-BLE1_V7.0.0, X-CUBE-BLE2_V3.3.0, X-CUBE-BLEMGR_V3.1.0, X-CUBE-EEPRMA1_V4.1.0, X-CUBE-EEPRMA1_V5.1.0, X-CUBE-FREERTOS_V1.1.0, X-CUBE-GNSS1_V6.0.0, X-CUBE-MEMS1_V10.0.0, X-CUBE-MEMS1_V9.1.0, X-CUBE-MEMS1_V9.4.0, X-CUBE-MEMS1_V9.6.0, X-CUBE-NFC4_V3.0.0, X-CUBE-NFC7_V1.0.1, X-CUBE-SFXS2LP1_V4.0.0, X-CUBE-SUBG2_V5.0.0, X-CUBE-TOF1_V3.4.0]
2026-04-22 22:26:25,331 [INFO] DbBoardsSqlite:226 - include board P-NUCLEO-WB55-NUCLEO as a kit item of type 'Nucleo-64'
2026-04-22 22:26:25,331 [INFO] DbBoardsSqlite:226 - include board P-NUCLEO-WB55-USBDONGLE as a kit item of type 'Nucleo USB Dongle'
2026-04-22 22:26:25,333 [INFO] DbBoardsSqlite:226 - include board STEVAL-IDP005V1 as a kit item of type 'Evaluation Board'
2026-04-22 22:26:25,333 [INFO] DbBoardsSqlite:226 - include board STEVAL-IDP005V2 as a kit item of type 'Evaluation Board'
2026-04-22 22:26:25,837 [INFO] ApiDb:240 - Found 371 in-development CPN: [B-G473E-ZEST1S, B-WB1M-WPAN1, B-WL5M-SUBG1, NUCLEO-C031C6, NUCLEO-H503RB, NUCLEO-H563ZI, NUCLEO-U545RE-Q, NUCLEO-U5A5ZJ-Q, NUCLEO-WBA52CG, NUCLEO-WBA55CG, STEVAL-MKBOXPRO, STEVAL-PROTEUS1, STEVAL-STWINBX1, STM320518-EVAL, STM32C0116-DK, STM32C011D6Y3TR, STM32C011D6Y6TR, STM32C011F4P3, STM32C011F4P6, STM32C011F4U3, STM32C011F4U6TR, STM32C011F6P3, STM32C011F6P6, STM32C011F6U3, STM32C011F6U6TR, STM32C011J4M3, STM32C011J4M6, STM32C011J6M3, STM32C011J6M6, STM32C0316-DK, STM32C031C4T3, STM32C031C4T6, STM32C031C4U3, STM32C031C4U6, STM32C031C6T3, STM32C031C6T6, STM32C031C6U3, STM32C031C6U6, STM32C031F4P3, STM32C031F4P6, STM32C031F6P3, STM32C031F6P6, STM32C031G4U3, STM32C031G4U6, STM32C031G6U3, STM32C031G6U6, STM32C031K4T3, STM32C031K4T6, STM32C031K4U3, STM32C031K4U6, STM32C031K6T3, STM32C031K6T6, STM32C031K6U3, STM32C031K6U6, STM32G071K8TXN, STM32G071K8UXN, STM32G081GBU6N, STM32G081KBT6N, STM32G081KBUXN, STM32G0B1CCT6N, STM32G0B1KCT6, STM32G0B1NEY6TR, STM32G0B1RCT6N, STM32G0C1CCT6, STM32G0C1CCT6N, STM32G0C1CCU6N, STM32G0C1CET6N, STM32G0C1CEU6N, STM32G0C1KCT6, STM32G0C1NEY6TR, STM32G0C1RCI6N, STM32G0C1RCT6N, STM32G0C1REI6N, STM32G0C1RET6N, STM32G0C1VCI6, STM32G0C1VEI6, STM32G471CCT6, STM32G471CCU6, STM32G471CET3, STM32G471CET6, STM32G471CEU3, STM32G471CEU6, STM32G471MCT6, STM32G471MET3, STM32G471MET6, STM32G471MEY6TR, STM32G471QCT6, STM32G471QET3, STM32G471RCT6, STM32G471RET3, STM32G471RET6, STM32G471VCH6, STM32G471VCI6, STM32G471VCT6, STM32G471VEH3, STM32G471VEH6, STM32G471VEI3, STM32G471VEI6, STM32G471VET3, STM32G471VET6, STM32G474CCT6, STM32H503CBT6, STM32H503CBU6, STM32H503EBY6TR, STM32H503KBU6, STM32H503RBT6, STM32H562AGI6, STM32H562AII6, STM32H562IGK6, STM32H562IGT6, STM32H562IIK6, STM32H562IIT6, STM32H562RGT6, STM32H562RGV6, STM32H562RIT6, STM32H562RIV6, STM32H562VGT6, STM32H562VIT6, STM32H562ZGT6, STM32H562ZIT6, STM32H563AGI6, STM32H563AII3Q, STM32H563AII6, STM32H563IGK6, STM32H563IGT6, STM32H563IIK3Q, STM32H563IIK6, STM32H563IIT3Q, STM32H563IIT6, STM32H563MIY3QTR, STM32H563RGT6, STM32H563RGV6, STM32H563RIT6, STM32H563RIV6, STM32H563VGT6, STM32H563VIT3Q, STM32H563VIT6, STM32H563ZGT6, STM32H563ZIT3Q, STM32H563ZIT6, STM32H573AII3Q, STM32H573AII6, STM32H573I-DK, STM32H573IIK3Q, STM32H573IIK6, STM32H573IIT3Q, STM32H573IIT6, STM32H573MIY3QTR, STM32H573RIT6, STM32H573RIV6, STM32H573VIT3Q, STM32H573VIT6, STM32H573ZIT3Q, STM32H573ZIT6, STM32L4R5QGI6STR, STM32MP131AAE3, STM32MP131AAF3, STM32MP131AAG3, STM32MP131CAE3, STM32MP131CAF3, STM32MP131CAG3, STM32MP131DAE7, STM32MP131DAF7, STM32MP131DAG7, STM32MP131FAE7, STM32MP131FAF7, STM32MP131FAG7, STM32MP133AAE3, STM32MP133AAF3, STM32MP133AAG3, STM32MP133CAE3, STM32MP133CAF3, STM32MP133CAG3, STM32MP133DAE7, STM32MP133DAF7, STM32MP133DAG7, STM32MP133FAE7, STM32MP133FAF7, STM32MP133FAG7, STM32MP135AAE3, STM32MP135AAF3, STM32MP135AAG3, STM32MP135CAE3, STM32MP135CAF3, STM32MP135CAG3, STM32MP135DAE7, STM32MP135DAF7, STM32MP135DAG7, STM32MP135F-DK, STM32MP135FAE7, STM32MP135FAF7, STM32MP135FAF7T, STM32MP135FAF7U, STM32MP135FAG7, STM32U535CBT6, STM32U535CBT6Q, STM32U535CBU6, STM32U535CBU6Q, STM32U535CCT6, STM32U535CCT6Q, STM32U535CCU6, STM32U535CCU6Q, STM32U535CET6, STM32U535CET6Q, STM32U535CEU6, STM32U535CEU6Q, STM32U535JEY6QTR, STM32U535NCY6QTR, STM32U535NEY6QTR, STM32U535RBI6, STM32U535RBI6Q, STM32U535RBT6, STM32U535RBT6Q, STM32U535RCI6, STM32U535RCI6Q, STM32U535RCT6, STM32U535RCT6Q, STM32U535REI6, STM32U535REI6Q, STM32U535RET6, STM32U535RET6Q, STM32U535VCI6, STM32U535VCI6Q, STM32U535VCT6, STM32U535VCT6Q, STM32U535VEI6, STM32U535VEI6Q, STM32U535VET6, STM32U535VET6Q, STM32U545CET6, STM32U545CET6Q, STM32U545CEU6, STM32U545CEU6Q, STM32U545JEY6QTR, STM32U545NEY6QTR, STM32U545REI6, STM32U545REI6Q, STM32U545RET6, STM32U545RET6Q, STM32U545VEI6, STM32U545VEI6Q, STM32U545VET6, STM32U545VET6Q, STM32U595AIH6, STM32U595AIH6Q, STM32U595AJH6, STM32U595AJH6Q, STM32U595QII6, STM32U595QII6Q, STM32U595QJI6, STM32U595QJI6Q, STM32U595RIT6, STM32U595RIT6Q, STM32U595RJT6, STM32U595RJT6Q, STM32U595VIT6, STM32U595VIT6Q, STM32U595VJT6, STM32U595VJT6Q, STM32U595ZIT6, STM32U595ZIT6Q, STM32U595ZIY6QTR, STM32U595ZJT6, STM32U595ZJT6Q, STM32U595ZJY6QTR, STM32U599BJY6QTR, STM32U599NIH6Q, STM32U599NJH6Q, STM32U599VIT6Q, STM32U599VJT6, STM32U599VJT6Q, STM32U599ZIT6Q, STM32U599ZIY6QTR, STM32U599ZJT6Q, STM32U599ZJY6QTR, STM32U5A5AJH6, STM32U5A5AJH6Q, STM32U5A5QJI6, STM32U5A5QJI6Q, STM32U5A5RJT6, STM32U5A5RJT6Q, STM32U5A5VJT6, STM32U5A5VJT6Q, STM32U5A5ZJT6, STM32U5A5ZJT6Q, STM32U5A5ZJY6QTR, STM32U5A9BJY6QTR, STM32U5A9J-DK, STM32U5A9NJH6Q, STM32U5A9VJT6Q, STM32U5A9ZJT6Q, STM32U5A9ZJY6QTR, STM32U5F7VIT6, STM32U5F7VIT6Q, STM32U5F7VJT6, STM32U5F7VJT6Q, STM32U5F9BJY6QTR, STM32U5F9NJH6Q, STM32U5F9VIT6Q, STM32U5F9VJT6Q, STM32U5F9ZIJ6QTR, STM32U5F9ZIT6Q, STM32U5F9ZJJ6QTR, STM32U5F9ZJT6Q, STM32U5G7VJT6, STM32U5G7VJT6Q, STM32U5G9BJY6QTR, STM32U5G9J-DK1, STM32U5G9J-DK2, STM32U5G9NJH6Q, STM32U5G9VJT6Q, STM32U5G9ZJJ6QTR, STM32U5G9ZJT6Q, STM32WB1MMCH6, STM32WBA50KEU6, STM32WBA50KEU6TR, STM32WBA50KGU6, STM32WBA50KGU6TR, STM32WBA52CEU6, STM32WBA52CEU6TR, STM32WBA52CEU7, STM32WBA52CEU7TR, STM32WBA52CGU6, STM32WBA52CGU6TR, STM32WBA52CGU6U, STM32WBA52CGU7, STM32WBA52CGU7TR, STM32WBA52KEU6, STM32WBA52KEU6TR, STM32WBA52KGU6, STM32WBA52KGU6TR, STM32WBA54CEU6, STM32WBA54CEU6TR, STM32WBA54CEU7, STM32WBA54CEU7TR, STM32WBA54CGU6, STM32WBA54CGU6TR, STM32WBA54CGU7, STM32WBA54CGU7TR, STM32WBA54KEU6, STM32WBA54KEU6TR, STM32WBA54KEU7, STM32WBA54KEU7TR, STM32WBA54KGU6, STM32WBA54KGU6TR, STM32WBA54KGU7, STM32WBA54KGU7TR, STM32WBA55CEU6, STM32WBA55CEU6TR, STM32WBA55CEU7, STM32WBA55CEU7TR, STM32WBA55CGU6, STM32WBA55CGU6TR, STM32WBA55CGU6U, STM32WBA55CGU7, STM32WBA55CGU7TR, STM32WBA55G-DK1, STM32WBA55HEF6, STM32WBA55HEF7, STM32WBA55HGF6, STM32WBA55HGF7, STM32WBA55UEI6, STM32WBA55UEI6TR, STM32WBA55UEI7, STM32WBA55UEI7TR, STM32WBA55UGI6, STM32WBA55UGI6TR, STM32WBA55UGI7, STM32WBA55UGI7TR, STM32WL5MOCH6, STM32WL5MOCH6TR]
2026-04-22 22:26:25,842 [INFO] ApiDb:668 - CubeFinder database Data Model version=2.1
2026-04-22 22:26:25,842 [INFO] ApiDb:669 - CubeFinder database Configuration version=3.0.39
2026-04-22 22:26:25,842 [INFO] ApiDb:670 - CubeFinder database generation date=2024-03-01 (1709305525)
2026-04-22 22:26:25,843 [INFO] ApiDb:671 - CubeFinder database FW Pack versions=[FP-ATR-ASTRA1_V2.0.0, FP-SNS-FLIGHT1_V5.0.1, FP-SNS-FLIGHT1_V5.0.2, FP-SNS-MOTENV1_V4.3.1, FP-SNS-MOTENV1_V4.3.2, FP-SNS-MOTENVWB1_V1.3.1, FP-SNS-SMARTAG2_V1.2.0, STM32Cube_FW_C0_V1.1.0, STM32Cube_FW_F4_V1.28.0, STM32Cube_FW_F7_V1.17.0, STM32Cube_FW_G0_V1.6.2, STM32Cube_FW_G4_V1.5.2, STM32Cube_FW_H5_V0.5.1, STM32Cube_FW_H5_V1.1.1, STM32Cube_FW_H5_V1.2.0, STM32Cube_FW_H5_V1.2.0RC4, STM32Cube_FW_H7RS_V1.0.0, STM32Cube_FW_H7RS_V1.0.0RC4, STM32Cube_FW_H7_V1.11.0, STM32Cube_FW_L0_V1.12.2, STM32Cube_FW_L5_V1.5.1, STM32Cube_FW_U0_V1.0.0, STM32Cube_FW_U0_V1.0.0RC1, STM32Cube_FW_U5_V1.3.0RC4, STM32Cube_FW_U5_V1.5.0, STM32Cube_FW_U5_V1.5.0RC1, STM32Cube_FW_WBA_V1.0.0RC1, STM32Cube_FW_WBA_V1.2.0, STM32Cube_FW_WBA_V1.2.0RC2, STM32Cube_FW_WBA_V1.3.0, STM32Cube_FW_WBA_V1.3.0RC1, STM32Cube_FW_WB_V1.15.0RC1, STM32Cube_FW_WB_V1.16.0, STM32Cube_FW_WB_V1.16.0RC2, STM32Cube_FW_WB_V1.18.0, STM32Cube_FW_WB_V1.19.0, STM32Cube_FW_WL_V1.3.0, X-CUBE-ALGOBUILD_V1.3.0, X-CUBE-ALS_V1.0.1, X-CUBE-AZRTOS-F4_V1.1.0, X-CUBE-AZRTOS-F7_V1.1.0, X-CUBE-AZRTOS-G0_V1.1.0, X-CUBE-AZRTOS-G4_V2.0.0, X-CUBE-AZRTOS-H7_V3.2.0, X-CUBE-AZRTOS-L4_V1.0.0, X-CUBE-AZRTOS-L4_V2.0.0, X-CUBE-AZRTOS-L5_V1.1.0, X-CUBE-AZRTOS-WB_V2.0.0, X-CUBE-AZRTOS-WL_V2.0.0, X-CUBE-BLE1_V7.0.0, X-CUBE-BLE2_V3.3.0, X-CUBE-BLEMGR_V3.1.0, X-CUBE-EEPRMA1_V4.1.0, X-CUBE-EEPRMA1_V5.1.0, X-CUBE-FREERTOS_V1.1.0, X-CUBE-GNSS1_V6.0.0, X-CUBE-MEMS1_V10.0.0, X-CUBE-MEMS1_V9.1.0, X-CUBE-MEMS1_V9.4.0, X-CUBE-MEMS1_V9.6.0, X-CUBE-NFC4_V3.0.0, X-CUBE-NFC7_V1.0.1, X-CUBE-SFXS2LP1_V4.0.0, X-CUBE-SUBG2_V5.0.0, X-CUBE-TOF1_V3.4.0]
2026-04-22 22:26:28,890 [INFO] ApiDb:240 - Found 371 in-development CPN: [B-G473E-ZEST1S, B-WB1M-WPAN1, B-WL5M-SUBG1, NUCLEO-C031C6, NUCLEO-H503RB, NUCLEO-H563ZI, NUCLEO-U545RE-Q, NUCLEO-U5A5ZJ-Q, NUCLEO-WBA52CG, NUCLEO-WBA55CG, STEVAL-MKBOXPRO, STEVAL-PROTEUS1, STEVAL-STWINBX1, STM320518-EVAL, STM32C0116-DK, STM32C011D6Y3TR, STM32C011D6Y6TR, STM32C011F4P3, STM32C011F4P6, STM32C011F4U3, STM32C011F4U6TR, STM32C011F6P3, STM32C011F6P6, STM32C011F6U3, STM32C011F6U6TR, STM32C011J4M3, STM32C011J4M6, STM32C011J6M3, STM32C011J6M6, STM32C0316-DK, STM32C031C4T3, STM32C031C4T6, STM32C031C4U3, STM32C031C4U6, STM32C031C6T3, STM32C031C6T6, STM32C031C6U3, STM32C031C6U6, STM32C031F4P3, STM32C031F4P6, STM32C031F6P3, STM32C031F6P6, STM32C031G4U3, STM32C031G4U6, STM32C031G6U3, STM32C031G6U6, STM32C031K4T3, STM32C031K4T6, STM32C031K4U3, STM32C031K4U6, STM32C031K6T3, STM32C031K6T6, STM32C031K6U3, STM32C031K6U6, STM32G071K8TXN, STM32G071K8UXN, STM32G081GBU6N, STM32G081KBT6N, STM32G081KBUXN, STM32G0B1CCT6N, STM32G0B1KCT6, STM32G0B1NEY6TR, STM32G0B1RCT6N, STM32G0C1CCT6, STM32G0C1CCT6N, STM32G0C1CCU6N, STM32G0C1CET6N, STM32G0C1CEU6N, STM32G0C1KCT6, STM32G0C1NEY6TR, STM32G0C1RCI6N, STM32G0C1RCT6N, STM32G0C1REI6N, STM32G0C1RET6N, STM32G0C1VCI6, STM32G0C1VEI6, STM32G471CCT6, STM32G471CCU6, STM32G471CET3, STM32G471CET6, STM32G471CEU3, STM32G471CEU6, STM32G471MCT6, STM32G471MET3, STM32G471MET6, STM32G471MEY6TR, STM32G471QCT6, STM32G471QET3, STM32G471RCT6, STM32G471RET3, STM32G471RET6, STM32G471VCH6, STM32G471VCI6, STM32G471VCT6, STM32G471VEH3, STM32G471VEH6, STM32G471VEI3, STM32G471VEI6, STM32G471VET3, STM32G471VET6, STM32G474CCT6, STM32H503CBT6, STM32H503CBU6, STM32H503EBY6TR, STM32H503KBU6, STM32H503RBT6, STM32H562AGI6, STM32H562AII6, STM32H562IGK6, STM32H562IGT6, STM32H562IIK6, STM32H562IIT6, STM32H562RGT6, STM32H562RGV6, STM32H562RIT6, STM32H562RIV6, STM32H562VGT6, STM32H562VIT6, STM32H562ZGT6, STM32H562ZIT6, STM32H563AGI6, STM32H563AII3Q, STM32H563AII6, STM32H563IGK6, STM32H563IGT6, STM32H563IIK3Q, STM32H563IIK6, STM32H563IIT3Q, STM32H563IIT6, STM32H563MIY3QTR, STM32H563RGT6, STM32H563RGV6, STM32H563RIT6, STM32H563RIV6, STM32H563VGT6, STM32H563VIT3Q, STM32H563VIT6, STM32H563ZGT6, STM32H563ZIT3Q, STM32H563ZIT6, STM32H573AII3Q, STM32H573AII6, STM32H573I-DK, STM32H573IIK3Q, STM32H573IIK6, STM32H573IIT3Q, STM32H573IIT6, STM32H573MIY3QTR, STM32H573RIT6, STM32H573RIV6, STM32H573VIT3Q, STM32H573VIT6, STM32H573ZIT3Q, STM32H573ZIT6, STM32L4R5QGI6STR, STM32MP131AAE3, STM32MP131AAF3, STM32MP131AAG3, STM32MP131CAE3, STM32MP131CAF3, STM32MP131CAG3, STM32MP131DAE7, STM32MP131DAF7, STM32MP131DAG7, STM32MP131FAE7, STM32MP131FAF7, STM32MP131FAG7, STM32MP133AAE3, STM32MP133AAF3, STM32MP133AAG3, STM32MP133CAE3, STM32MP133CAF3, STM32MP133CAG3, STM32MP133DAE7, STM32MP133DAF7, STM32MP133DAG7, STM32MP133FAE7, STM32MP133FAF7, STM32MP133FAG7, STM32MP135AAE3, STM32MP135AAF3, STM32MP135AAG3, STM32MP135CAE3, STM32MP135CAF3, STM32MP135CAG3, STM32MP135DAE7, STM32MP135DAF7, STM32MP135DAG7, STM32MP135F-DK, STM32MP135FAE7, STM32MP135FAF7, STM32MP135FAF7T, STM32MP135FAF7U, STM32MP135FAG7, STM32U535CBT6, STM32U535CBT6Q, STM32U535CBU6, STM32U535CBU6Q, STM32U535CCT6, STM32U535CCT6Q, STM32U535CCU6, STM32U535CCU6Q, STM32U535CET6, STM32U535CET6Q, STM32U535CEU6, STM32U535CEU6Q, STM32U535JEY6QTR, STM32U535NCY6QTR, STM32U535NEY6QTR, STM32U535RBI6, STM32U535RBI6Q, STM32U535RBT6, STM32U535RBT6Q, STM32U535RCI6, STM32U535RCI6Q, STM32U535RCT6, STM32U535RCT6Q, STM32U535REI6, STM32U535REI6Q, STM32U535RET6, STM32U535RET6Q, STM32U535VCI6, STM32U535VCI6Q, STM32U535VCT6, STM32U535VCT6Q, STM32U535VEI6, STM32U535VEI6Q, STM32U535VET6, STM32U535VET6Q, STM32U545CET6, STM32U545CET6Q, STM32U545CEU6, STM32U545CEU6Q, STM32U545JEY6QTR, STM32U545NEY6QTR, STM32U545REI6, STM32U545REI6Q, STM32U545RET6, STM32U545RET6Q, STM32U545VEI6, STM32U545VEI6Q, STM32U545VET6, STM32U545VET6Q, STM32U595AIH6, STM32U595AIH6Q, STM32U595AJH6, STM32U595AJH6Q, STM32U595QII6, STM32U595QII6Q, STM32U595QJI6, STM32U595QJI6Q, STM32U595RIT6, STM32U595RIT6Q, STM32U595RJT6, STM32U595RJT6Q, STM32U595VIT6, STM32U595VIT6Q, STM32U595VJT6, STM32U595VJT6Q, STM32U595ZIT6, STM32U595ZIT6Q, STM32U595ZIY6QTR, STM32U595ZJT6, STM32U595ZJT6Q, STM32U595ZJY6QTR, STM32U599BJY6QTR, STM32U599NIH6Q, STM32U599NJH6Q, STM32U599VIT6Q, STM32U599VJT6, STM32U599VJT6Q, STM32U599ZIT6Q, STM32U599ZIY6QTR, STM32U599ZJT6Q, STM32U599ZJY6QTR, STM32U5A5AJH6, STM32U5A5AJH6Q, STM32U5A5QJI6, STM32U5A5QJI6Q, STM32U5A5RJT6, STM32U5A5RJT6Q, STM32U5A5VJT6, STM32U5A5VJT6Q, STM32U5A5ZJT6, STM32U5A5ZJT6Q, STM32U5A5ZJY6QTR, STM32U5A9BJY6QTR, STM32U5A9J-DK, STM32U5A9NJH6Q, STM32U5A9VJT6Q, STM32U5A9ZJT6Q, STM32U5A9ZJY6QTR, STM32U5F7VIT6, STM32U5F7VIT6Q, STM32U5F7VJT6, STM32U5F7VJT6Q, STM32U5F9BJY6QTR, STM32U5F9NJH6Q, STM32U5F9VIT6Q, STM32U5F9VJT6Q, STM32U5F9ZIJ6QTR, STM32U5F9ZIT6Q, STM32U5F9ZJJ6QTR, STM32U5F9ZJT6Q, STM32U5G7VJT6, STM32U5G7VJT6Q, STM32U5G9BJY6QTR, STM32U5G9J-DK1, STM32U5G9J-DK2, STM32U5G9NJH6Q, STM32U5G9VJT6Q, STM32U5G9ZJJ6QTR, STM32U5G9ZJT6Q, STM32WB1MMCH6, STM32WBA50KEU6, STM32WBA50KEU6TR, STM32WBA50KGU6, STM32WBA50KGU6TR, STM32WBA52CEU6, STM32WBA52CEU6TR, STM32WBA52CEU7, STM32WBA52CEU7TR, STM32WBA52CGU6, STM32WBA52CGU6TR, STM32WBA52CGU6U, STM32WBA52CGU7, STM32WBA52CGU7TR, STM32WBA52KEU6, STM32WBA52KEU6TR, STM32WBA52KGU6, STM32WBA52KGU6TR, STM32WBA54CEU6, STM32WBA54CEU6TR, STM32WBA54CEU7, STM32WBA54CEU7TR, STM32WBA54CGU6, STM32WBA54CGU6TR, STM32WBA54CGU7, STM32WBA54CGU7TR, STM32WBA54KEU6, STM32WBA54KEU6TR, STM32WBA54KEU7, STM32WBA54KEU7TR, STM32WBA54KGU6, STM32WBA54KGU6TR, STM32WBA54KGU7, STM32WBA54KGU7TR, STM32WBA55CEU6, STM32WBA55CEU6TR, STM32WBA55CEU7, STM32WBA55CEU7TR, STM32WBA55CGU6, STM32WBA55CGU6TR, STM32WBA55CGU6U, STM32WBA55CGU7, STM32WBA55CGU7TR, STM32WBA55G-DK1, STM32WBA55HEF6, STM32WBA55HEF7, STM32WBA55HGF6, STM32WBA55HGF7, STM32WBA55UEI6, STM32WBA55UEI6TR, STM32WBA55UEI7, STM32WBA55UEI7TR, STM32WBA55UGI6, STM32WBA55UGI6TR, STM32WBA55UGI7, STM32WBA55UGI7TR, STM32WL5MOCH6, STM32WL5MOCH6TR]
2026-04-22 22:26:28,900 [INFO] DbMcus:218 - Found 3986 MCUs, 3986 are supported
2026-04-22 22:26:28,904 [INFO] ApiDb:414 - User favorites file not found: C:\Users\hop/.stm32cubeide/favorites.mcus.txt
2026-04-22 22:26:28,904 [INFO] DbMcus:224 - Set 0 / 0 favorites MCUs
2026-04-22 22:26:29,866 [INFO] BoardInfo:889 - No configuration file found for board P-NUCLEO-WB55
2026-04-22 22:26:29,867 [INFO] DbBoards:161 - Kit is not supported: P-NUCLEO-WB55
2026-04-22 22:26:29,875 [INFO] BoardInfo:889 - No configuration file found for board STEVAL-BFA001V1B
2026-04-22 22:26:29,875 [INFO] DbBoards:161 - Kit is not supported: STEVAL-BFA001V1B
2026-04-22 22:26:29,877 [INFO] BoardInfo:889 - No configuration file found for board STEVAL-BFA001V2B
2026-04-22 22:26:29,877 [INFO] DbBoards:161 - Kit is not supported: STEVAL-BFA001V2B
2026-04-22 22:26:30,073 [INFO] DbBoards:168 - Found 193 boards, 190 are supported
2026-04-22 22:26:30,073 [INFO] DbBoards:169 - Found 193 boards, 3 of them is supported for  Bsp
2026-04-22 22:26:30,077 [INFO] ApiDb:414 - User favorites file not found: C:\Users\hop/.stm32cubeide/favorites.boards.txt
2026-04-22 22:26:30,078 [INFO] DbBoards:198 - Set 0 / 0 favorites Boards
2026-04-22 22:26:30,078 [INFO] McuFinderGlobals:76 - Set McuFinderConnectedMode to false
2026-04-22 22:26:30,092 [INFO] MultiScanPanel:200 - Auto-refresh data requested => check proxy status ongoing
2026-04-22 22:26:30,092 [INFO] MultiScanPanel:204 - Proxy status is invalid
2026-04-22 22:26:30,095 [INFO] FinderPluginLoader:95 - Searching for filters in installed packs
2026-04-22 22:26:32,752 [WARN] DetailPanel:346 - Failed to get advertising image, set to default
2026-04-22 22:26:43,704 [INFO] MultiScanPanel:200 - Auto-refresh data requested => check proxy status ongoing
2026-04-22 22:26:43,704 [INFO] MultiScanPanel:204 - Proxy status is invalid
2026-04-22 22:26:43,952 [WARN] DetailPanel:346 - Failed to get advertising image, set to default
2026-04-22 22:26:43,997 [INFO] DbBoards:642 - Loading board mini-images...
2026-04-22 22:26:45,515 [ERROR] DbBoards:659 - Image file not found for board NUCLEO-WBA55CG: C:\Users\hop\.stmcufinder\plugins\mcufinder//mcu//boards_images/NUCLEO-WBA55CG.jpg
2026-04-22 22:26:47,257 [ERROR] DbBoards:659 - Image file not found for board STM32WBA55G-DK1: C:\Users\hop\.stmcufinder\plugins\mcufinder//mcu//boards_images/STM32WBA55G-DK1.jpg
2026-04-22 22:26:47,257 [INFO] DbBoards:665 - Loaded 191 board mini-images
2026-04-22 22:27:06,134 [INFO] BoardResultTable:719 - Mark Board STM32F407G-DISC1 as favorite
2026-04-22 22:29:47,653 [INFO] MainUpdater:2873 - connection check result : 22
2026-04-22 22:29:47,664 [INFO] MainUpdater:2873 - connection check result : 22
2026-04-22 22:29:55,246 [INFO] MicroXplorer:468 - Change Database Path : 
2026-04-22 22:29:55,246 [INFO] MicroXplorer:498 - Change Database Version : DB.6.0.100
2026-04-22 22:29:55,274 [WARN] ThirdParty:871 - waiting for thirdparty lock release [close project]
2026-04-22 22:29:55,275 [INFO] ThirdParty:873 - entering critical section [close project]
2026-04-22 22:29:55,276 [INFO] ThirdParty:883 - exiting critical section [close project]
2026-04-22 22:29:55,281 [INFO] PinOutPanel:1499 - setPackage(No Configuration,No Configuration)
2026-04-22 22:29:55,304 [INFO] UtilMem:75 - Begin LoadConfig() Used Memory: 448556632 Bytes (664797184)
2026-04-22 22:29:55,315 [INFO] OpenFileManager:312 - Change cursor
2026-04-22 22:29:55,386 [WARN] IntegrityCheckThread:84 - waiting for thirdparty lock release [integrity check]
2026-04-22 22:29:55,387 [INFO] IntegrityCheckThread:86 - entering critical section [integrity check]
2026-04-22 22:29:55,724 [WARN] PackLoader:240 - Cannot read IP mode file for STMicroelectronics.X-CUBE-SMBUS.2.1.0
2026-04-22 22:29:55,748 [WARN] PackLoader:240 - Cannot read IP mode file for STMicroelectronics.FP-SNS-MOTENV1.4.3.2
2026-04-22 22:29:55,767 [WARN] PackLoader:240 - Cannot read IP mode file for STMicroelectronics.FP-SNS-FLIGHT1.5.0.2
2026-04-22 22:29:55,788 [WARN] PackLoader:240 - Cannot read IP mode file for STMicroelectronics.X-CUBE-DISPLAY.3.0.0
2026-04-22 22:29:55,819 [WARN] PackLoader:240 - Cannot read IP mode file for STMicroelectronics.X-CUBE-BLE1.7.0.0
2026-04-22 22:29:55,831 [WARN] PackLoader:240 - Cannot read IP mode file for STMicroelectronics.FP-SNS-SMARTAG2.1.2.0
2026-04-22 22:29:55,842 [WARN] PackLoader:240 - Cannot read IP mode file for STMicroelectronics.X-CUBE-BLE2.3.3.0
2026-04-22 22:29:55,863 [WARN] PackLoader:240 - Cannot read IP mode file for STMicroelectronics.X-CUBE-NFC4.3.0.0
2026-04-22 22:29:55,882 [WARN] PackLoader:240 - Cannot read IP mode file for STMicroelectronics.FP-ATR-SIGFOX1.3.2.0
2026-04-22 22:29:55,897 [WARN] PackLoader:240 - Cannot read IP mode file for STMicroelectronics.X-CUBE-GNSS1.6.0.0
2026-04-22 22:29:55,913 [WARN] PackLoader:240 - Cannot read IP mode file for STMicroelectronics.X-CUBE-NFC7.1.0.1
2026-04-22 22:29:55,929 [WARN] PackLoader:240 - Cannot read IP mode file for STMicroelectronics.X-CUBE-AI.8.1.0
2026-04-22 22:29:55,952 [WARN] PackLoader:240 - Cannot read IP mode file for STMicroelectronics.X-CUBE-SFXS2LP1.4.0.0
2026-04-22 22:29:55,989 [WARN] PackLoader:240 - Cannot read IP mode file for STMicroelectronics.X-CUBE-SUBG2.5.0.0
2026-04-22 22:29:56,123 [WARN] PackLoader:240 - Cannot read IP mode file for STMicroelectronics.X-CUBE-MEMS1.10.0.0
2026-04-22 22:29:56,388 [WARN] PackLoader:240 - Cannot read IP mode file for STMicroelectronics.X-CUBE-FREERTOS.1.1.0
2026-04-22 22:29:56,437 [WARN] PackLoader:240 - Cannot read IP mode file for STMicroelectronics.X-CUBE-ALS.1.0.1
2026-04-22 22:29:56,450 [WARN] PackLoader:240 - Cannot read IP mode file for STMicroelectronics.FP-ATR-ASTRA1.2.0.0
2026-04-22 22:29:56,451 [INFO] ThirdParty:978 - Integrity check success = true
2026-04-22 22:29:56,451 [INFO] IntegrityCheckThread:100 - exiting critical section [integrity check]
2026-04-22 22:29:56,451 [INFO] IntegrityCheckThread:103 - End integrity checks thread
2026-04-22 22:29:56,579 [INFO] ProjectFactory:440 - No CPN specified for board STM32F407G-DISC1 => set CPN to STM32F407VGT6
2026-04-22 22:29:56,580 [INFO] Mcu:2016 - Initializing MCU STM32F407V(E-G)Tx STM32F407VGTx STM32F407VGT6
2026-04-22 22:30:00,890 [INFO] Context:659 - Trying to add GPIOservice into a context  which must be forbidden
2026-04-22 22:30:02,094 [INFO] Rule:228 - rule 117617 - U5Cobra4M][GTZC] default value MPCBB3 and MPCBB5 - Not Secured memory - MPCBB1 is applicable
2026-04-22 22:30:02,094 [INFO] Rule:228 - rule 117617 - U5Cobra4M][GTZC] default value MPCBB3 and MPCBB5 - Not Secured memory - MPCBB1 is applicable
2026-04-22 22:30:02,094 [INFO] Rule:228 - rule 117617 - U5Cobra4M][GTZC] default value MPCBB3 and MPCBB5 - Not Secured memory - MPCBB2 is applicable
2026-04-22 22:30:02,094 [INFO] Rule:228 - rule 117617 - U5Cobra4M][GTZC] default value MPCBB3 and MPCBB5 - Not Secured memory - MPCBB2 is applicable
2026-04-22 22:30:02,094 [INFO] Rule:228 - rule 117617 - U5Cobra4M][GTZC] default value MPCBB3 and MPCBB5 - Not Secured memory - MPCBB3 is applicable
2026-04-22 22:30:02,095 [INFO] Rule:228 - rule 117617 - U5Cobra4M][GTZC] default value MPCBB3 and MPCBB5 - Not Secured memory - MPCBB3 is applicable
2026-04-22 22:30:02,095 [INFO] Rule:228 - rule 117617 - U5Cobra4M][GTZC] default value MPCBB3 and MPCBB5 - Not Secured memory - MPCBB4 is applicable
2026-04-22 22:30:02,095 [INFO] Rule:228 - rule 117617 - U5Cobra4M][GTZC] default value MPCBB3 and MPCBB5 - Not Secured memory - MPCBB4 is applicable
2026-04-22 22:30:02,096 [INFO] Rule:228 - rule 117617 - U5Cobra4M][GTZC] default value MPCBB3 and MPCBB5 - Secured memory - MPCBB1 is applicable
2026-04-22 22:30:02,097 [INFO] Rule:228 - rule 117617 - U5Cobra4M][GTZC] default value MPCBB3 and MPCBB5 - Secured memory - MPCBB2 is applicable
2026-04-22 22:30:02,097 [INFO] Rule:228 - rule 117617 - U5Cobra4M][GTZC] default value MPCBB3 and MPCBB5 - Secured memory - MPCBB3 is applicable
2026-04-22 22:30:02,097 [INFO] Rule:228 - rule 117617 - U5Cobra4M][GTZC] default value MPCBB3 and MPCBB5 - Secured memory - MPCBB4 is applicable
2026-04-22 22:30:02,097 [INFO] Rule:228 - rule 117617 - U5Cobra4M][GTZC] default value MPCBB3 and MPCBB5 - Privileged memory - MPCBB1 is applicable
2026-04-22 22:30:02,097 [INFO] Rule:228 - rule 117617 - U5Cobra4M][GTZC] default value MPCBB3 and MPCBB5 - Privileged memory - MPCBB2 is applicable
2026-04-22 22:30:02,097 [INFO] Rule:228 - rule 117617 - U5Cobra4M][GTZC] default value MPCBB3 and MPCBB5 - Privileged memory - MPCBB3 is applicable
2026-04-22 22:30:02,097 [INFO] Rule:228 - rule 117617 - U5Cobra4M][GTZC] default value MPCBB3 and MPCBB5 - Privileged memory - MPCBB4 is applicable
2026-04-22 22:30:02,097 [INFO] Rule:228 - rule 117617 - U5Cobra4M][GTZC] default value MPCBB3 and MPCBB5 - Not Privileged memory - MPCBB1 is applicable
2026-04-22 22:30:02,097 [INFO] Rule:228 - rule 117617 - U5Cobra4M][GTZC] default value MPCBB3 and MPCBB5 - Not Privileged memory - MPCBB2 is applicable
2026-04-22 22:30:02,097 [INFO] Rule:228 - rule 117617 - U5Cobra4M][GTZC] default value MPCBB3 and MPCBB5 - Not Privileged memory - MPCBB3 is applicable
2026-04-22 22:30:02,097 [INFO] Rule:228 - rule 117617 - U5Cobra4M][GTZC] default value MPCBB3 and MPCBB5 - Not Privileged memory - MPCBB4 is applicable
2026-04-22 22:30:02,097 [INFO] Rule:228 - rule 117617 - U5Cobra4M][GTZC] default value MPCBB3 and MPCBB5 - Privileged memory - MPCBB1 is applicable
2026-04-22 22:30:02,098 [INFO] Rule:228 - rule 117617 - U5Cobra4M][GTZC] default value MPCBB3 and MPCBB5 - Privileged memory - MPCBB2 is applicable
2026-04-22 22:30:02,098 [INFO] Rule:228 - rule 117617 - U5Cobra4M][GTZC] default value MPCBB3 and MPCBB5 - Privileged memory - MPCBB3 is applicable
2026-04-22 22:30:02,098 [INFO] Rule:228 - rule 117617 - U5Cobra4M][GTZC] default value MPCBB3 and MPCBB5 - Privileged memory - MPCBB4 is applicable
2026-04-22 22:30:02,098 [INFO] Rule:228 - rule 117617 - U5Cobra4M][GTZC] default value MPCBB3 and MPCBB5 - Privileged memory - MPCBB1 is applicable
2026-04-22 22:30:02,098 [INFO] Rule:228 - rule 117617 - U5Cobra4M][GTZC] default value MPCBB3 and MPCBB5 - Privileged memory - MPCBB2 is applicable
2026-04-22 22:30:02,098 [INFO] Rule:228 - rule 117617 - U5Cobra4M][GTZC] default value MPCBB3 and MPCBB5 - Privileged memory - MPCBB3 is applicable
2026-04-22 22:30:02,098 [INFO] Rule:228 - rule 117617 - U5Cobra4M][GTZC] default value MPCBB3 and MPCBB5 - Privileged memory - MPCBB4 is applicable
2026-04-22 22:30:02,098 [INFO] Rule:228 - rule 117617 - U5Cobra4M][GTZC] default value MPCBB3 and MPCBB5 - Not Privileged memory - MPCBB1 is applicable
2026-04-22 22:30:02,098 [INFO] Rule:228 - rule 117617 - U5Cobra4M][GTZC] default value MPCBB3 and MPCBB5 - Not Privileged memory - MPCBB2 is applicable
2026-04-22 22:30:02,098 [INFO] Rule:228 - rule 117617 - U5Cobra4M][GTZC] default value MPCBB3 and MPCBB5 - Not Privileged memory - MPCBB3 is applicable
2026-04-22 22:30:02,098 [INFO] Rule:228 - rule 117617 - U5Cobra4M][GTZC] default value MPCBB3 and MPCBB5 - Not Privileged memory - MPCBB4 is applicable
2026-04-22 22:30:02,098 [INFO] Rule:228 - rule 117617 - U5Cobra4M][GTZC] default value MPCBB3 and MPCBB5 - Privileged memory - MPCBB1 is applicable
2026-04-22 22:30:02,098 [INFO] Rule:228 - rule 117617 - U5Cobra4M][GTZC] default value MPCBB3 and MPCBB5 - Privileged memory - MPCBB2 is applicable
2026-04-22 22:30:02,099 [INFO] Rule:228 - rule 117617 - U5Cobra4M][GTZC] default value MPCBB3 and MPCBB5 - Privileged memory - MPCBB3 is applicable
2026-04-22 22:30:02,099 [INFO] Rule:228 - rule 117617 - U5Cobra4M][GTZC] default value MPCBB3 and MPCBB5 - Privileged memory - MPCBB4 is applicable
2026-04-22 22:30:02,100 [INFO] Rule:228 - rule Rename SubGHz_Phy SUBGHZ_APPLICATION SUBGHZ_PINGPONG to SUBGHZ_ADV_APPLICATION is applicable
2026-04-22 22:30:02,100 [INFO] Rule:228 - rule Rename Enabled to IBEACON is applicable
2026-04-22 22:30:02,100 [INFO] Rule:228 - rule GTZC_S instance for project manager is applicable
2026-04-22 22:30:02,100 [INFO] Rule:228 - rule GTZC_S instance for context M33S is applicable
2026-04-22 22:30:02,100 [INFO] Rule:228 - rule GTZC_S instance value for IP GTZC is applicable
2026-04-22 22:30:02,100 [INFO] Rule:228 - rule GTZC_S instance for mcu.IP is applicable
2026-04-22 22:30:02,100 [INFO] Rule:228 - rule GTZC_S instance for VP is applicable
2026-04-22 22:30:02,100 [INFO] Rule:228 - rule GTZC_S instance for signal is applicable
2026-04-22 22:30:02,100 [INFO] Rule:228 - rule GTZC_S instance for mcu.Pin is applicable
2026-04-22 22:30:02,100 [INFO] Rule:228 - rule GTZC_S instance for VP is applicable
2026-04-22 22:30:02,100 [INFO] Rule:228 - rule GTZC_S instance for signal is applicable
2026-04-22 22:30:02,100 [INFO] Rule:228 - rule GTZC_S instance for mcu is applicable
2026-04-22 22:30:02,100 [INFO] Rule:228 - rule GTZC_S instance for mcu.Pin is applicable
2026-04-22 22:30:02,101 [INFO] Rule:228 - rule GTZC_S instance value for IP GTZC is applicable
2026-04-22 22:30:02,101 [INFO] Rule:228 - rule GTZC_S instance for project manager is applicable
2026-04-22 22:30:02,101 [INFO] Rule:228 - rule GTZC_S instance for context M33S is applicable
2026-04-22 22:30:02,101 [INFO] Rule:228 - rule GTZC_S instance for VP is applicable
2026-04-22 22:30:02,101 [INFO] Rule:228 - rule GTZC_S instance for signal is applicable
2026-04-22 22:30:02,101 [INFO] Rule:228 - rule SPDIFRX instance for mcu is applicable
2026-04-22 22:30:02,101 [INFO] Rule:228 - rule Rename Tracer Mode is applicable
2026-04-22 22:30:02,101 [INFO] Rule:228 - rule SPDIFRX instance value for IP SPDIFRX is applicable
2026-04-22 22:30:02,101 [INFO] Rule:228 - rule SPDIFRX instance for signal is applicable
2026-04-22 22:30:02,102 [INFO] Rule:228 - rule SPDIFRX instance for project manager is applicable
2026-04-22 22:30:02,102 [INFO] Rule:228 - rule SPDIFRX instance for project manager is applicable
2026-04-22 22:30:02,102 [INFO] Rule:228 - rule ADC Scan  fix with FW F7 is applicable
2026-04-22 22:30:02,102 [INFO] Rule:228 - rule ADC Scan  fix with FW F7 is applicable
2026-04-22 22:30:02,102 [INFO] Rule:228 - rule WakeUp0 Mode is applicable
2026-04-22 22:30:02,102 [INFO] Rule:228 - rule WakeUp0 SIGNAL is applicable
2026-04-22 22:30:02,102 [INFO] Rule:228 - rule WakeUp1 Mode is applicable
2026-04-22 22:30:02,102 [INFO] Rule:228 - rule WakeUp1 SIGNAL is applicable
2026-04-22 22:30:02,103 [INFO] Rule:228 - rule WakeUp2 Mode is applicable
2026-04-22 22:30:02,103 [INFO] Rule:228 - rule WakeUp2 SIGNAL is applicable
2026-04-22 22:30:02,103 [INFO] Rule:228 - rule WakeUp4 Mode is applicable
2026-04-22 22:30:02,103 [INFO] Rule:228 - rule WakeUp4 SIGNAL is applicable
2026-04-22 22:30:02,103 [INFO] Rule:228 - rule WakeUp5 Mode is applicable
2026-04-22 22:30:02,103 [INFO] Rule:228 - rule WakeUp5 SIGNAL is applicable
2026-04-22 22:30:02,103 [INFO] Rule:228 - rule Add RTC Activate Clock Source is applicable
2026-04-22 22:30:02,103 [INFO] Rule:228 - rule Add RTC Activate Calendar 1 is applicable
2026-04-22 22:30:02,103 [INFO] Rule:228 - rule Add RTC Activate Calendar 2 is applicable
2026-04-22 22:30:02,103 [INFO] Rule:228 - rule Add RTC Activate Calendar 3 is applicable
2026-04-22 22:30:02,104 [INFO] Rule:228 - rule UART/USART TX Mode is applicable
2026-04-22 22:30:02,104 [INFO] Rule:228 - rule UART/USART RX Mode is applicable
2026-04-22 22:30:02,104 [INFO] Rule:228 - rule UART/USART RX TX Mode is applicable
2026-04-22 22:30:02,104 [INFO] Rule:228 - rule UART/USART PARITY NONE is applicable
2026-04-22 22:30:02,104 [INFO] Rule:228 - rule UART/USART PARITY EVEN is applicable
2026-04-22 22:30:02,104 [INFO] Rule:228 - rule UART/USART PARITY ODD is applicable
2026-04-22 22:30:02,104 [INFO] Rule:228 - rule USART StopBits 1 is applicable
2026-04-22 22:30:02,104 [INFO] Rule:228 - rule USART StopBits 2 is applicable
2026-04-22 22:30:02,104 [INFO] Rule:228 - rule USART StopBits 1.5 is applicable
2026-04-22 22:30:02,104 [INFO] Rule:228 - rule USART StopBits 0.5 is applicable
2026-04-22 22:30:02,104 [INFO] Rule:228 - rule UART/USART WORD LENGTH 7 is applicable
2026-04-22 22:30:02,105 [INFO] Rule:228 - rule UART/USART WORD LENGTH 8 is applicable
2026-04-22 22:30:02,105 [INFO] Rule:228 - rule UART/USART WORD LENGTH 9 is applicable
2026-04-22 22:30:02,105 [INFO] Rule:228 - rule Rename FMC NAND NCE signal is applicable
2026-04-22 22:30:02,105 [INFO] Rule:228 - rule Rename FMC NAND INT signal is applicable
2026-04-22 22:30:02,105 [INFO] Rule:228 - rule Change Default Value for LSE Drive Capability for WB family is applicable
2026-04-22 22:30:02,105 [INFO] Rule:228 - rule Change Default Value for ADC Clock Prescaler G0 family is applicable
2026-04-22 22:30:02,105 [INFO] Rule:228 - rule Change Default Value for ADC ExternalTrigConv L4 family is applicable
2026-04-22 22:30:02,105 [INFO] Rule:228 - rule Change Default Value for ADC ExternalTrigInjecConv L4 family is applicable
2026-04-22 22:30:02,106 [INFO] Rule:228 - rule Change Default Value for ADC ExternalTrigConv F3 family is applicable
2026-04-22 22:30:02,106 [INFO] Rule:228 - rule Change Default Value for ADC ExternalTrigInjecConv F3 family is applicable
2026-04-22 22:30:02,106 [INFO] Rule:228 - rule Change Default Value for ADC ExternalTrigConv Goldfish serie is applicable
2026-04-22 22:30:02,106 [INFO] Rule:228 - rule Change Default Value for ADC ExternalTrigInjecConv Goldfish serie is applicable
2026-04-22 22:30:02,106 [INFO] Rule:228 - rule Change Default Value for ADC ExternalTrigConv L0 family is applicable
2026-04-22 22:30:02,106 [INFO] Rule:228 - rule Change Default Value for ADC ExternalTrigConv F0 family is applicable
2026-04-22 22:30:02,106 [INFO] Rule:228 - rule Change Default Value for ADC ExternalTrigConvn L1 family is applicable
2026-04-22 22:30:02,106 [INFO] Rule:228 - rule Change Default Value for ADC ExternalTrigInjecConv L1 family is applicable
2026-04-22 22:30:02,106 [INFO] Rule:228 - rule Change Default Value for ADC ExternalTrigConv F1 family is applicable
2026-04-22 22:30:02,107 [INFO] Rule:228 - rule Change Default Value for ADC ExternalTrigInjecConv F1 family is applicable
2026-04-22 22:30:02,107 [INFO] Rule:228 - rule Change Default Value for ADC ExternalTrigConv F7 family is applicable
2026-04-22 22:30:02,107 [INFO] Rule:228 - rule Change Default Value for ADC ExternalTrigInjecConv F7 family is applicable
2026-04-22 22:30:02,107 [INFO] Rule:228 - rule Change Default Value for ADC ExternalTrigConv F4 and F2 family is applicable
2026-04-22 22:30:02,107 [INFO] Rule:228 - rule Change Default Value for ADC ExternalTrigInjecConv F4 and F2 family is applicable
2026-04-22 22:30:02,107 [INFO] Rule:228 - rule ADC SamplingTime fix with FW L0  is applicable
2026-04-22 22:30:02,107 [INFO] Rule:228 - rule ADC SamplingTime fix with FW L0  is applicable
2026-04-22 22:30:02,107 [INFO] Rule:228 - rule ADC SamplingTime fix with FW L0 is applicable
2026-04-22 22:30:02,107 [INFO] Rule:228 - rule ADC SamplingTime fix with FW L0 is applicable
2026-04-22 22:30:02,107 [INFO] Rule:228 - rule ADC SamplingTime fix with FW L0  is applicable
2026-04-22 22:30:02,108 [INFO] Rule:228 - rule ADC SamplingTime fix with FW L0 is applicable
2026-04-22 22:30:02,108 [INFO] Rule:228 - rule Rename USB_OE Signal is applicable
2026-04-22 22:30:02,108 [INFO] Rule:228 - rule Rename Activate_OE Mode is applicable
2026-04-22 22:30:02,108 [INFO] Rule:228 - rule Rename DIE462/DIE415 pin PC14/OSC32_IN -> PC14-OSC32_IN (PC14) is applicable
2026-04-22 22:30:02,108 [INFO] Rule:228 - rule Rename DIE462/DIE415 pin PC15/OSC32_OUT -> PC15-OSC32_OUT (PC15) is applicable
2026-04-22 22:30:02,108 [INFO] Rule:228 - rule Rename DIE462/DIE415 pin PH0/OSC_IN -> PH0-OSC_IN (PH0) is applicable
2026-04-22 22:30:02,108 [INFO] Rule:228 - rule Rename DIE462/DIE415 pin PH1/OSC_OUT -> PH1-OSC_OUT (PH1) is applicable
2026-04-22 22:30:02,108 [INFO] Rule:228 - rule Rename DIE462 pin PA13 -> PA13 (JTMS/SWDIO) is applicable
2026-04-22 22:30:02,108 [INFO] Rule:228 - rule Rename DIE415 pin PA13 -> PA13 (JTMS/SWDIO) is applicable
2026-04-22 22:30:02,108 [INFO] Rule:228 - rule Rename DIE462 pin PA14 -> PA14 (JTCK/SWCLK) is applicable
2026-04-22 22:30:02,110 [INFO] Rule:228 - rule Rename DIE415 pin PA14 -> PA14 (JTCK/SWCLK) is applicable
2026-04-22 22:30:02,110 [INFO] Rule:228 - rule Rename DIE462/DIE415 pin PA15 -> PA15 (JTDI) is applicable
2026-04-22 22:30:02,110 [INFO] Rule:228 - rule Rename DIE462 pin PB3 -> PB3 (JTD0/TRACESWO) is applicable
2026-04-22 22:30:02,110 [INFO] Rule:228 - rule Rename DIE415 pin PB3 -> PB3 (JTD0-TRACESWO) is applicable
2026-04-22 22:30:02,110 [INFO] Rule:228 - rule Rename DIE462/DIE415 pin PB4 -> PB4 (NJTRST) is applicable
2026-04-22 22:30:02,110 [INFO] Rule:228 - rule Rename DIE462 pin PH3/BOOT0 -> PH3-BOOT0 (BOOT0) is applicable
2026-04-22 22:30:02,110 [INFO] Rule:228 - rule Rename CRYP DataEncryptionTypesList to Algorithm is applicable
2026-04-22 22:30:02,110 [INFO] Rule:228 - rule Rename AES DataEncryptionTypesList to Algorithm is applicable
2026-04-22 22:30:02,110 [INFO] Rule:228 - rule Rename TDESECB to CRYP_TDES_ECB is applicable
2026-04-22 22:30:02,111 [INFO] Rule:228 - rule Rename TDESCBC to CRYP_TDES_CBC is applicable
2026-04-22 22:30:02,111 [INFO] Rule:228 - rule Rename DESECB to CRYP_DES_ECB is applicable
2026-04-22 22:30:02,111 [INFO] Rule:228 - rule Rename DESCBC to CRYP_DES_CBC is applicable
2026-04-22 22:30:02,111 [INFO] Rule:228 - rule Rename AESECB to CRYP_AES_ECB is applicable
2026-04-22 22:30:02,111 [INFO] Rule:228 - rule Rename AESCBC to CRYP_AES_CBC is applicable
2026-04-22 22:30:02,111 [INFO] Rule:228 - rule Rename AESCTR to CRYP_AES_CTR is applicable
2026-04-22 22:30:02,111 [INFO] Rule:228 - rule Rename AESGCM to CRYP_AES_GCM is applicable
2026-04-22 22:30:02,111 [INFO] Rule:228 - rule Rename AESCCM to CRYP_AES_CCM is applicable
2026-04-22 22:30:02,111 [INFO] Rule:228 - rule Rename CAN TimeSeg1 to BS1 is applicable
2026-04-22 22:30:02,111 [INFO] Rule:228 - rule Rename CAN TimeSeg2 to BS2 is applicable
2026-04-22 22:30:02,111 [INFO] Rule:228 - rule Rename CAN SyncJumpWidth to SJW is applicable
2026-04-22 22:30:02,111 [INFO] Rule:228 - rule TimeTriggeredMode to TTCM is applicable
2026-04-22 22:30:02,112 [INFO] Rule:228 - rule Rename CAN AutoBusOff to ABOM is applicable
2026-04-22 22:30:02,112 [INFO] Rule:228 - rule Rename CAN AutoWakeUp to AWUM is applicable
2026-04-22 22:30:02,112 [INFO] Rule:228 - rule Rename CAN AutoRetransmission to NART is applicable
2026-04-22 22:30:02,112 [INFO] Rule:228 - rule Rename CAN ReceiveFifoLocked to RFLM is applicable
2026-04-22 22:30:02,112 [INFO] Rule:228 - rule Rename CAN TransmitFifoPriority to TXFP is applicable
2026-04-22 22:30:02,112 [INFO] Rule:228 - rule Rename HRTIMER HRTIM_OUTPUTFAULTLEVEL_HIGH in HRTIMER HRTIM_OUTPUTFAULTLEVEL_HIGHZ is applicable
2026-04-22 22:30:02,112 [INFO] Rule:228 - rule Rename TIMER TIM_CLEARINPUTSOURCE_OCREFCLR in  TIMER TIM_CLEARINPUTSOURCE_NONE for F7 family is applicable
2026-04-22 22:30:02,112 [INFO] Rule:228 - rule FDCAN_R1 - Rename FDCAN mode Master into Classic is applicable
2026-04-22 22:30:02,112 [INFO] Rule:228 - rule FDCAN_R2 - Rename FDCAN mode Slave into Classic is applicable
2026-04-22 22:30:02,112 [INFO] Rule:228 - rule FDCAN1_R3 - if PA10.Mode=FullDuplex, add Pin PA12 is applicable
2026-04-22 22:30:02,112 [INFO] Rule:228 - rule FDCAN1_R3 - if PA9.Mode=FullDuplex, add Pin PA11 is applicable
2026-04-22 22:30:02,113 [INFO] Rule:228 - rule FDCAN1_R3 - Alternatepin_1 - if PE1.Mode=FullDuplex, add Pin PB9 is applicable
2026-04-22 22:30:02,113 [INFO] Rule:228 - rule FDCAN1_R3 - Alternatepin_1 - if PE0.Mode=FullDuplex, add Pin PB8 is applicable
2026-04-22 22:30:02,113 [INFO] Rule:228 - rule FDCAN1_R3 - Alternatepin_2 - if PD5.Mode=FullDuplex, add Pin PD1 is applicable
2026-04-22 22:30:02,113 [INFO] Rule:228 - rule FDCAN1_R3 - Alternatepin_2 - if PD4.Mode=FullDuplex, add Pin PD0 is applicable
2026-04-22 22:30:02,113 [INFO] Rule:228 - rule FDCAN1_R4 - Rename Mode FullDuplex into Enable FDCAN_TXFD for pin PA10 is applicable
2026-04-22 22:30:02,114 [INFO] Rule:228 - rule FDCAN1_R4 - Rename Mode FullDuplex into Enable FDCAN_TXFD for pin PA9 is applicable
2026-04-22 22:30:02,114 [INFO] Rule:228 - rule FDCAN1_R4 - Alternatepin_1 - Rename Mode FullDuplex into Enable FDCAN_TXFD for pin PE1 is applicable
2026-04-22 22:30:02,114 [INFO] Rule:228 - rule FDCAN1_R4 - Alternatepin_1 - Rename Mode FullDuplex into Enable FDCAN_TXFD for pin PE0 is applicable
2026-04-22 22:30:02,114 [INFO] Rule:228 - rule FDCAN1_R4 - Alternatepin_2 - Rename Mode FullDuplex into Enable FDCAN_TXFD for pin PD5 is applicable
2026-04-22 22:30:02,114 [INFO] Rule:228 - rule FDCAN1_R4 - Alternatepin_2 - Rename Mode FullDuplex into Enable FDCAN_TXFD for pin PD4 is applicable
2026-04-22 22:30:02,114 [INFO] Rule:228 - rule FDCAN2_R3 - if PD10.Mode=FullDuplex, add Pin PB13 is applicable
2026-04-22 22:30:02,114 [INFO] Rule:228 - rule FDCAN2_R3 - if PD9.Mode=FullDuplex, add Pin PB12 is applicable
2026-04-22 22:30:02,114 [INFO] Rule:228 - rule FDCAN2_R3 - Alternatepin_1 - if PB7.Mode=FullDuplex, add Pin PB6 is applicable
2026-04-22 22:30:02,114 [INFO] Rule:228 - rule FDCAN2_R3 - Alternatepin_1 - if PD9.Mode=FullDuplex, add Pin PB12 is applicable
2026-04-22 22:30:02,114 [INFO] Rule:228 - rule FDCAN2_R4 - Rename Mode FullDuplex into Enable FDCAN_TXFD for pin PD10 is applicable
2026-04-22 22:30:02,114 [INFO] Rule:228 - rule FDCAN2_R4 - Rename Mode FullDuplex into Enable FDCAN_TXFD for pin PD9 is applicable
2026-04-22 22:30:02,114 [INFO] Rule:228 - rule FDCAN2_R4 - Alternatepin_1 - Rename Mode FullDuplex into Enable FDCAN_TXFD for pin PB7 is applicable
2026-04-22 22:30:02,114 [INFO] Rule:228 - rule FDCAN2_R4 - Alternatepin_1 - Rename Mode FullDuplex into Enable FDCAN_TXFD for pin PD6 is applicable
2026-04-22 22:30:02,114 [INFO] Rule:228 - rule USART TxPinLevelInvertParam Mode is applicable
2026-04-22 22:30:02,115 [INFO] Rule:228 - rule USART RxPinLevelInvertParam Mode is applicable
2026-04-22 22:30:02,115 [INFO] Rule:228 - rule USART DataInvertParam Mode is applicable
2026-04-22 22:30:02,115 [INFO] Rule:228 - rule USART SwapParam Mode is applicable
2026-04-22 22:30:02,115 [INFO] Rule:228 - rule USART OverrunDisableParam Mode is applicable
2026-04-22 22:30:02,115 [INFO] Rule:228 - rule USART DMADisableonRxErrorParam Mode is applicable
2026-04-22 22:30:02,115 [INFO] Rule:228 - rule USART MSBFirstParam Mode is applicable
2026-04-22 22:30:02,115 [INFO] Rule:228 - rule Update MwName for USB_DEVICE is applicable
2026-04-22 22:30:02,115 [INFO] Rule:228 - rule Change PWR_Regulator_Voltage_Scale Default Value for RCC  H7 family is applicable
2026-04-22 22:30:02,115 [INFO] Rule:228 - rule UART/USART IPParameter rename Prescaler parameter to ClockPrescaler is applicable
2026-04-22 22:30:02,115 [INFO] Rule:228 - rule UART/USART Prescaler rename Prescaler parameter to ClockPrescaler is applicable
2026-04-22 22:30:02,115 [INFO] Rule:228 - rule TIM1CLockSelection is applicable
2026-04-22 22:30:02,116 [INFO] Rule:228 - rule TIM15CLockSelection is applicable
2026-04-22 22:30:02,116 [INFO] Rule:228 - rule align RCC SDMMC3CLockSelection default value on MP1 is applicable
2026-04-22 22:30:02,116 [INFO] Rule:228 - rule align RCC SDMMC12CLockSelection default value on MP1 is applicable
2026-04-22 22:30:02,116 [INFO] Rule:228 - rule align RCC QSPICLockSelection default value on MP1 is applicable
2026-04-22 22:30:02,116 [INFO] Rule:228 - rule align RCC QSPICLockSelection default value on MP1 is applicable
2026-04-22 22:30:02,116 [INFO] Rule:228 - rule align RCC SPI6CLockSelection default value on MP1 is applicable
2026-04-22 22:30:02,116 [INFO] Rule:228 - rule align RCC LPTIM23CLockSelection default value on MP1 is applicable
2026-04-22 22:30:02,116 [INFO] Rule:228 - rule align RCC LPTIM1CLockSelection default value on MP1 is applicable
2026-04-22 22:30:02,116 [INFO] Rule:228 - rule align RCC USART1CLockSelection default value on MP1 is applicable
2026-04-22 22:30:02,116 [INFO] Rule:228 - rule align RCC USART24CLockSelection default value on MP1 is applicable
2026-04-22 22:30:02,116 [INFO] Rule:228 - rule align RCC USART6CLockSelection default value on MP1 is applicable
2026-04-22 22:30:02,116 [INFO] Rule:228 - rule align RCC UART78CLockSelection default value on MP1 is applicable
2026-04-22 22:30:02,116 [INFO] Rule:228 - rule align RCC USART35CLockSelection default value on MP1 is applicable
2026-04-22 22:30:02,117 [INFO] Rule:228 - rule align RCC SPI45CLockSelection default value on MP1 is applicable
2026-04-22 22:30:02,117 [INFO] Rule:228 - rule align RCC I2C46CLockSelection BCLK value on MP1 is applicable
2026-04-22 22:30:02,117 [INFO] Rule:228 - rule align RCC SPI45CLockSelection default value on MP1 is applicable
2026-04-22 22:30:02,117 [INFO] Rule:228 - rule align RCC I2C12CLockSelection default value on MP1 is applicable
2026-04-22 22:30:02,117 [INFO] Rule:228 - rule align RCC I2C35CLockSelection default value on MP1 is applicable
2026-04-22 22:30:02,117 [INFO] Rule:228 - rule align RCC LPTIM45CLockSelection default value on MP1 is applicable
2026-04-22 22:30:02,117 [INFO] Rule:228 - rule Rename DCMI PIXCK signal is applicable
2026-04-22 22:30:02,117 [INFO] Rule:228 - rule Change Default Value for I2C46CLockSelection MP1 family is applicable
2026-04-22 22:30:02,117 [INFO] Rule:228 - rule Change Default Value for UART for G4, G0 and WB families is applicable
2026-04-22 22:30:02,117 [INFO] Rule:228 - rule Change Default Value for USART for G4, G0 and WB families is applicable
2026-04-22 22:30:02,117 [INFO] Rule:228 - rule Change Default Value for USART for G4 family is applicable
2026-04-22 22:30:02,117 [INFO] Rule:228 - rule Change USART1CLockSelection refparam name for MP1 is applicable
2026-04-22 22:30:02,117 [INFO] Rule:228 - rule Change USART2CLockSelection refparam name for MP1 is applicable
2026-04-22 22:30:02,118 [INFO] Rule:228 - rule Change USART3CLockSelection refparam name for MP1 is applicable
2026-04-22 22:30:02,118 [INFO] Rule:228 - rule Change UART4CLockSelection refparam name for MP1 is applicable
2026-04-22 22:30:02,118 [INFO] Rule:228 - rule Change UART5CLockSelection refparam name for MP1 is applicable
2026-04-22 22:30:02,118 [INFO] Rule:228 - rule Change LPUART1CLockSelection refparam name for MP1 is applicable
2026-04-22 22:30:02,118 [INFO] Rule:228 - rule Change LPTIM1CLockSelection refparam name for MP1 is applicable
2026-04-22 22:30:02,118 [INFO] Rule:228 - rule Change LPTIM2CLockSelection refparam name for MP1 is applicable
2026-04-22 22:30:02,118 [INFO] Rule:228 - rule Change RCC_MCO1Source refparam name for MP1 is applicable
2026-04-22 22:30:02,118 [INFO] Rule:228 - rule Change LSCOSource1 refparam name for MP1 is applicable
2026-04-22 22:30:02,119 [INFO] Rule:228 - rule Change SMPSCLockSelection refparam name for MP1 is applicable
2026-04-22 22:30:02,119 [INFO] Rule:228 - rule Change LPTIM3CLockSelection refparam name for MP1 is applicable
2026-04-22 22:30:02,119 [INFO] Rule:228 - rule Change MPCBB* Default Template Mode to Parameters is applicable
2026-04-22 22:30:02,119 [INFO] Rule:228 - rule Change MPCWM* or MPCBB* Secure Mode to Parameters is applicable
2026-04-22 22:30:02,119 [INFO] Rule:228 - rule Change MPCWM* or MPCBB* No Secure Mode to Parameters is applicable
2026-04-22 22:30:02,119 [INFO] Rule:228 - rule Change TZSC IP Secure Mode to Parameters is applicable
2026-04-22 22:30:02,120 [INFO] Rule:228 - rule Change TZSC IP No Secure Mode to Parameters is applicable
2026-04-22 22:30:02,120 [INFO] Rule:228 - rule Change TZSC IP Privilege Mode to Parameters is applicable
2026-04-22 22:30:02,120 [INFO] Rule:228 - rule Change TZSC IP No Privilege Mode to Parameters is applicable
2026-04-22 22:30:02,120 [INFO] Rule:228 - rule Change TZIC IT Secure Mode to Parameters is applicable
2026-04-22 22:30:02,120 [INFO] Rule:228 - rule Change TZIC IT No Secure Mode to Parameters is applicable
2026-04-22 22:30:02,120 [INFO] Rule:228 - rule Add MPCBB1_NonSecureArea_Start_Address value with referenced to MPCBB1_NonSecureArea_Start value is applicable
2026-04-22 22:30:02,120 [INFO] Rule:228 - rule Add MPCBB2_NonSecureArea_Start_Address value with referenced to MPCBB2_NonSecureArea_Start value is applicable
2026-04-22 22:30:02,120 [INFO] Rule:228 - rule Add MPCWM1_NonSecureArea*_Start_Address value with referenced to MPCWM1_NonSecureArea*_Start value is applicable
2026-04-22 22:30:02,121 [INFO] Rule:228 - rule Add MPCWM2_NonSecureArea*_Start_Address value with referenced to MPCWM2_NonSecureArea*_Start value is applicable
2026-04-22 22:30:02,121 [INFO] Rule:228 - rule Add MPCWM3_NonSecureArea_Start_Address value with referenced to MPCWM3_NonSecureArea_Start value is applicable
2026-04-22 22:30:02,121 [INFO] Rule:228 - rule Change Default Value for PLL1UserDefinedConfig is applicable
2026-04-22 22:30:02,121 [INFO] Rule:228 - rule Change GPIO_PuPd Default Value for USART in async mode is applicable
2026-04-22 22:30:02,121 [INFO] Rule:228 - rule Change SMPSDivider Default Value is applicable
2026-04-22 22:30:02,121 [INFO] Rule:228 - rule OPAMP is applicable
2026-04-22 22:30:02,121 [INFO] Rule:228 - rule LPUART IPParameter rename Prescaler parameter to ClockPrescaler for STM32H7 is applicable
2026-04-22 22:30:02,121 [INFO] Rule:228 - rule LPUART IPParameter rename Prescaler parameter to ClockPrescaler for STM32H7 is applicable
2026-04-22 22:30:02,121 [INFO] Rule:228 - rule LPUART IPParameter rename Prescaler parameter to ClockPrescaler for STM32WB is applicable
2026-04-22 22:30:02,121 [INFO] Rule:228 - rule LPUART IPParameter rename Prescaler parameter to ClockPrescaler for STM32WB is applicable
2026-04-22 22:30:02,121 [INFO] Rule:228 - rule LPUART IPParameter rename Prescaler parameter to ClockPrescaler for STM32G4 is applicable
2026-04-22 22:30:02,121 [INFO] Rule:228 - rule LPUART IPParameter rename Prescaler parameter to ClockPrescaler for STM32G4 is applicable
2026-04-22 22:30:02,121 [INFO] Rule:228 - rule LPUART IPParameter rename Prescaler parameter to ClockPrescaler for STM32L5 is applicable
2026-04-22 22:30:02,122 [INFO] Rule:228 - rule LPUART IPParameter rename Prescaler parameter to ClockPrescaler for STM32L5 is applicable
2026-04-22 22:30:02,122 [INFO] Rule:228 - rule LPUART IPParameter rename Prescaler parameter to ClockPrescaler for STM32G4 is applicable
2026-04-22 22:30:02,122 [INFO] Rule:228 - rule LPUART IPParameter rename Prescaler parameter to ClockPrescaler for STM32G4 is applicable
2026-04-22 22:30:02,122 [INFO] Rule:228 - rule USB device lib V2.5.3 for L0 rename USBD_SUPPORT_USER_STRING parameter to USBD_SUPPORT_USER_STRING_DESC4 is applicable
2026-04-22 22:30:02,122 [INFO] Rule:228 - rule I2SCLockSelection clock entry align is applicable
2026-04-22 22:30:02,122 [INFO] Rule:228 - rule Assign TIMx context if used as SYS timebase is applicable
2026-04-22 22:30:02,122 [INFO] Rule:228 - rule Change GPIO_Pu Default Value for I2C is applicable
2026-04-22 22:30:02,122 [INFO] Rule:228 - rule Change GPIO_Pu Default Value for SMBus is applicable
2026-04-22 22:30:02,122 [INFO] Rule:228 - rule change FDCAN default value is applicable
2026-04-22 22:30:02,122 [INFO] Rule:228 - rule Change mode sai is applicable
2026-04-22 22:30:02,122 [INFO] Rule:228 - rule **Change sai mode is applicable
2026-04-22 22:30:02,122 [INFO] Rule:228 - rule Rename STM32WPAN CFG_BLE_IRK to CFG_BLE_IR is applicable
2026-04-22 22:30:02,123 [INFO] Rule:228 - rule Rename STM32WPAN CFG_BLE_ERK to CFG_BLE_ER is applicable
2026-04-22 22:30:02,123 [INFO] Rule:228 - rule Rename STM32WPAN CFG_BLE_IRK_HEX to CFG_BLE_IR_HEX is applicable
2026-04-22 22:30:02,123 [INFO] Rule:228 - rule Rename STM32WPAN CFG_BLE_ERK_HEX to CFG_BLE_ER_HEX is applicable
2026-04-22 22:30:02,182 [INFO] DbConfProperties:307 - Apply Compatibility (50/262 Rules)
2026-04-22 22:30:02,226 [INFO] ImportTextPane:194 - (OptionalMessage_ERROR) Unable to find key (Mcu.ThirdPartyNb) in loaded IOC file
2026-04-22 22:30:02,411 [WARN] ModelIntegratedComponent:63 - No mode defined for component null
2026-04-22 22:30:02,411 [WARN] ModelIntegratedComponent:63 - No mode defined for component null
2026-04-22 22:30:02,412 [WARN] ModelIntegratedComponent:63 - No mode defined for component null
2026-04-22 22:30:02,412 [WARN] ModelIntegratedComponent:63 - No mode defined for component null
2026-04-22 22:30:02,412 [WARN] ModelIntegratedComponent:63 - No mode defined for component null
2026-04-22 22:30:02,412 [WARN] ModelIntegratedComponent:63 - No mode defined for component null
2026-04-22 22:30:02,412 [WARN] ModelIntegratedComponent:63 - No mode defined for component null
2026-04-22 22:30:02,412 [WARN] ModelIntegratedComponent:63 - No mode defined for component null
2026-04-22 22:30:02,412 [WARN] ModelIntegratedComponent:63 - No mode defined for component null
2026-04-22 22:30:02,412 [WARN] ModelIntegratedComponent:63 - No mode defined for component null
2026-04-22 22:30:02,412 [WARN] ModelIntegratedComponent:63 - No mode defined for component null
2026-04-22 22:30:02,413 [WARN] ModelIntegratedComponent:63 - No mode defined for component null
2026-04-22 22:30:02,413 [WARN] ModelIntegratedComponent:63 - No mode defined for component null
2026-04-22 22:30:02,413 [WARN] ModelIntegratedComponent:63 - No mode defined for component null
2026-04-22 22:30:02,413 [WARN] ModelIntegratedComponent:63 - No mode defined for component null
2026-04-22 22:30:02,413 [WARN] ModelIntegratedComponent:63 - No mode defined for component null
2026-04-22 22:30:02,413 [WARN] ModelIntegratedComponent:63 - No mode defined for component null
2026-04-22 22:30:02,413 [WARN] ModelIntegratedComponent:63 - No mode defined for component null
2026-04-22 22:30:02,413 [WARN] ModelIntegratedComponent:63 - No mode defined for component null
2026-04-22 22:30:02,413 [WARN] ModelIntegratedComponent:63 - No mode defined for component null
2026-04-22 22:30:02,413 [WARN] ModelIntegratedComponent:63 - No mode defined for component null
2026-04-22 22:30:02,413 [WARN] ModelIntegratedComponent:63 - No mode defined for component null
2026-04-22 22:30:02,414 [WARN] ModelIntegratedComponent:63 - No mode defined for component null
2026-04-22 22:30:02,414 [WARN] ModelIntegratedComponent:63 - No mode defined for component null
2026-04-22 22:30:02,414 [WARN] ModelIntegratedComponent:63 - No mode defined for component null
2026-04-22 22:30:02,414 [WARN] ModelIntegratedComponent:63 - No mode defined for component null
2026-04-22 22:30:02,414 [WARN] ModelIntegratedComponent:63 - No mode defined for component null
2026-04-22 22:30:02,414 [WARN] ModelIntegratedComponent:63 - No mode defined for component null
2026-04-22 22:30:02,414 [WARN] ModelIntegratedComponent:63 - No mode defined for component null
2026-04-22 22:30:02,414 [WARN] ModelIntegratedComponent:63 - No mode defined for component null
2026-04-22 22:30:02,414 [WARN] ModelIntegratedComponent:63 - No mode defined for component null
2026-04-22 22:30:02,414 [WARN] ModelIntegratedComponent:63 - No mode defined for component null
2026-04-22 22:30:02,414 [WARN] ModelIntegratedComponent:63 - No mode defined for component null
2026-04-22 22:30:02,787 [INFO] RtosManager:555 - Registered RTOS mode: class=CMSIS, group=RTOS, mode=CMSIS_V1, owner=FREERTOS
2026-04-22 22:30:02,787 [INFO] RtosManager:555 - Registered RTOS mode: class=CMSIS, group=RTOS2, mode=CMSIS_V2, owner=FREERTOS
2026-04-22 22:30:02,787 [INFO] RtosManager:555 - Registered RTOS mode: class=RTOS, group=Core, mode=CMSIS_V1, owner=FREERTOS
2026-04-22 22:30:02,788 [INFO] RtosManager:555 - Registered RTOS mode: class=RTOS, group=Core, mode=CMSIS_V2, owner=FREERTOS
2026-04-22 22:30:02,788 [WARN] ModelIntegratedComponent:184 - Missing modes for component STMicroelectronics:FreeRTOS:0.0.1:STMicroelectronics:RTOS:FreeRTOS:Core:::10.2.0:
2026-04-22 22:30:02,829 [INFO] ThirdPartyModel:298 - Start build external matchings
2026-04-22 22:30:03,016 [INFO] ThirdPartyModel:316 - End build external matchings
2026-04-22 22:30:03,041 [INFO] ImportTextPane:194 - (OptionalMessage_ERROR) IP (RCC) : Parameter (RTCHSEDivFreq_Value) has invalid value (4000000)
2026-04-22 22:30:03,857 [INFO] UtilMem:75 - End LoadConfig() Used Memory: 440391120 Bytes (828375040)
2026-04-22 22:30:04,135 [INFO] MicroXplorer:468 - Change Database Path : 
2026-04-22 22:30:04,135 [INFO] MicroXplorer:498 - Change Database Version : DB.6.0.100
2026-04-22 22:30:04,137 [WARN] ThirdParty:833 - waiting for thirdparty lock release [change project]
2026-04-22 22:30:04,137 [INFO] ThirdParty:835 - entering critical section [change project]
2026-04-22 22:30:04,137 [INFO] ThirdParty:1030 - CMSIS Pack Vendor :STMicroelectronics USBPD 4.1
2026-04-22 22:30:04,138 [INFO] ThirdParty:1030 - CMSIS Pack Vendor :STMicroelectronics X-CUBE-DISPLAY 3.0.0
2026-04-22 22:30:04,139 [INFO] ThirdParty:1030 - CMSIS Pack Vendor :STMicroelectronics X-CUBE-GNSS1 6.0.0
2026-04-22 22:30:04,139 [INFO] ThirdParty:1030 - CMSIS Pack Vendor :STMicroelectronics USB_HOST 2.0.0
2026-04-22 22:30:04,139 [INFO] ThirdParty:1030 - CMSIS Pack Vendor :STMicroelectronics LIBJPEG 8.0.0
2026-04-22 22:30:04,139 [INFO] ThirdParty:1030 - CMSIS Pack Vendor :STMicroelectronics X-CUBE-BLE1 7.0.0
2026-04-22 22:30:04,139 [INFO] ThirdParty:1030 - CMSIS Pack Vendor :STMicroelectronics FP-ATR-SIGFOX1 3.2.0
2026-04-22 22:30:04,140 [INFO] ThirdParty:1030 - CMSIS Pack Vendor :STMicroelectronics X-CUBE-SMBUS 2.1.0
2026-04-22 22:30:04,140 [INFO] ThirdParty:1030 - CMSIS Pack Vendor :STMicroelectronics USB_DEVICE 3.0.0
2026-04-22 22:30:04,140 [INFO] ThirdParty:1030 - CMSIS Pack Vendor :STMicroelectronics HAL Drivers 0.0.0
2026-04-22 22:30:04,140 [INFO] ThirdParty:1030 - CMSIS Pack Vendor :STMicroelectronics MBEDTLS 2.16.2
2026-04-22 22:30:04,140 [INFO] ThirdParty:1030 - CMSIS Pack Vendor :STMicroelectronics X-CUBE-MEMS1 10.0.0
2026-04-22 22:30:04,140 [INFO] ThirdParty:1030 - CMSIS Pack Vendor :STMicroelectronics X-CUBE-FREERTOS 1.1.0
2026-04-22 22:30:04,140 [INFO] ThirdParty:1030 - CMSIS Pack Vendor :STMicroelectronics X-CUBE-NFC7 1.0.1
2026-04-22 22:30:04,140 [INFO] ThirdParty:1030 - CMSIS Pack Vendor :STMicroelectronics MBEDTLS 2.14.1
2026-04-22 22:30:04,140 [INFO] ThirdParty:1030 - CMSIS Pack Vendor :STMicroelectronics X-CUBE-ALS 1.0.1
2026-04-22 22:30:04,140 [INFO] ThirdParty:1030 - CMSIS Pack Vendor :STMicroelectronics USB_DEVICE 2.0.0
2026-04-22 22:30:04,140 [INFO] ThirdParty:1030 - CMSIS Pack Vendor :STMicroelectronics ThreadX 1.0.0
2026-04-22 22:30:04,140 [INFO] ThirdParty:1030 - CMSIS Pack Vendor :STMicroelectronics FP-SNS-SMARTAG2 1.2.0
2026-04-22 22:30:04,140 [INFO] ThirdParty:1030 - CMSIS Pack Vendor :STMicroelectronics FP-SNS-MOTENV1 4.3.2
2026-04-22 22:30:04,140 [INFO] ThirdParty:1030 - CMSIS Pack Vendor :STMicroelectronics FreeRTOS 0.0.1
2026-04-22 22:30:04,140 [INFO] ThirdParty:1030 - CMSIS Pack Vendor :STMicroelectronics USB_DEVICE 1.0.0
2026-04-22 22:30:04,140 [INFO] ThirdParty:1030 - CMSIS Pack Vendor :STMicroelectronics X-CUBE-AI 8.1.0
2026-04-22 22:30:04,140 [INFO] ThirdParty:1030 - CMSIS Pack Vendor :STMicroelectronics X-CUBE-NFC4 3.0.0
2026-04-22 22:30:04,141 [INFO] ThirdParty:1030 - CMSIS Pack Vendor :STMicroelectronics X-CUBE-SUBG2 5.0.0
2026-04-22 22:30:04,141 [INFO] ThirdParty:1030 - CMSIS Pack Vendor :STMicroelectronics STM32_WPAN 1.0.0
2026-04-22 22:30:04,141 [INFO] ThirdParty:1030 - CMSIS Pack Vendor :STMicroelectronics ThreadX 0.0.2
2026-04-22 22:30:04,141 [INFO] ThirdParty:1030 - CMSIS Pack Vendor :STMicroelectronics FP-ATR-ASTRA1 2.0.0
2026-04-22 22:30:04,141 [INFO] ThirdParty:1030 - CMSIS Pack Vendor :STMicroelectronics lwIP 2.0.3
2026-04-22 22:30:04,141 [INFO] ThirdParty:1030 - CMSIS Pack Vendor :STMicroelectronics lwIP 2.1.2
2026-04-22 22:30:04,141 [INFO] ThirdParty:1030 - CMSIS Pack Vendor :STMicroelectronics X-CUBE-SFXS2LP1 4.0.0
2026-04-22 22:30:04,141 [INFO] ThirdParty:1030 - CMSIS Pack Vendor :STMicroelectronics FP-SNS-FLIGHT1 5.0.2
2026-04-22 22:30:04,141 [INFO] ThirdParty:1030 - CMSIS Pack Vendor :STMicroelectronics X-CUBE-BLE2 3.3.0
2026-04-22 22:30:04,141 [INFO] ThirdParty:1030 - CMSIS Pack Vendor :STMicroelectronics USB_HOST 1.0.0
2026-04-22 22:30:04,141 [INFO] ThirdParty:1030 - CMSIS Pack Vendor :STMicroelectronics PDM2PCM 3.1.0
2026-04-22 22:30:04,141 [INFO] ThirdParty:1030 - CMSIS Pack Vendor :STMicroelectronics PDM2PCM 3.2.0
2026-04-22 22:30:04,141 [INFO] ThirdParty:1030 - CMSIS Pack Vendor :STMicroelectronics PDM2PCM 3.3.0
2026-04-22 22:30:04,142 [INFO] ThirdParty:841 - exiting critical section [change project]
2026-04-22 22:30:05,794 [INFO] PinOutPanel:1499 - setPackage(No Configuration,No Configuration)
2026-04-22 22:30:05,800 [INFO] PinOutPanel:1499 - setPackage(STM32F407VGTx,LQFP100)
2026-04-22 22:30:07,666 [INFO] UtilMem:75 - Before build in PCC Used Memory: 657198720 Bytes (828375040)
2026-04-22 22:30:09,329 [INFO] UtilMem:75 - After build in PCC Used Memory: 427601064 Bytes (828375040)
2026-04-22 22:30:09,522 [INFO] ApiDbMcu:508 - Load IP Config File for USB_HOST
2026-04-22 22:30:09,523 [INFO] Middleware:617 - instanceName : USB_HOST bspName : Drive_VBUS_FS check condition success for : SW_VBUS_DRIVE_AUDIO_FS = false
2026-04-22 22:30:09,523 [INFO] Middleware:617 - instanceName : USB_HOST bspName : Drive_VBUS_FS check condition success for : SW_VBUS_DRIVE_AUDIO_FS = false
2026-04-22 22:30:09,523 [INFO] Middleware:617 - instanceName : USB_HOST bspName : Drive_VBUS_HS check condition success for : SW_VBUS_DRIVE_AUDIO_HS = false
2026-04-22 22:30:09,523 [INFO] Middleware:617 - instanceName : USB_HOST bspName : Drive_VBUS_HS check condition success for : SW_VBUS_DRIVE_AUDIO_HS = false
2026-04-22 22:30:09,523 [INFO] Middleware:617 - instanceName : USB_HOST bspName : Drive_VBUS_FS check condition success for : SW_VBUS_DRIVE_CDC_FS = false
2026-04-22 22:30:09,523 [INFO] Middleware:617 - instanceName : USB_HOST bspName : Drive_VBUS_FS check condition success for : SW_VBUS_DRIVE_CDC_FS = false
2026-04-22 22:30:09,523 [INFO] Middleware:617 - instanceName : USB_HOST bspName : Drive_VBUS_FS check condition success for : SW_VBUS_DRIVE_CDC_FS = false
2026-04-22 22:30:09,523 [INFO] Middleware:617 - instanceName : USB_HOST bspName : Drive_VBUS_HS check condition success for : SW_VBUS_DRIVE_CDC_HS = false
2026-04-22 22:30:09,523 [INFO] Middleware:617 - instanceName : USB_HOST bspName : Drive_VBUS_HS check condition success for : SW_VBUS_DRIVE_CDC_HS = false
2026-04-22 22:30:09,524 [INFO] Middleware:617 - instanceName : USB_HOST bspName : Drive_VBUS_FS check condition success for : SW_VBUS_DRIVE_HID_FS = false
2026-04-22 22:30:09,524 [INFO] Middleware:617 - instanceName : USB_HOST bspName : Drive_VBUS_FS check condition success for : SW_VBUS_DRIVE_HID_FS = false
2026-04-22 22:30:09,524 [INFO] Middleware:617 - instanceName : USB_HOST bspName : Drive_VBUS_HS check condition success for : SW_VBUS_DRIVE_HID_HS = false
2026-04-22 22:30:09,524 [INFO] Middleware:617 - instanceName : USB_HOST bspName : Drive_VBUS_HS check condition success for : SW_VBUS_DRIVE_HID_HS = false
2026-04-22 22:30:09,524 [INFO] Middleware:617 - instanceName : USB_HOST bspName : Drive_VBUS_FS check condition success for : SW_VBUS_DRIVE_MSC_FS = false
2026-04-22 22:30:09,524 [INFO] Middleware:617 - instanceName : USB_HOST bspName : Drive_VBUS_FS check condition success for : SW_VBUS_DRIVE_MSC_FS = false
2026-04-22 22:30:09,524 [INFO] Middleware:617 - instanceName : USB_HOST bspName : Drive_VBUS_HS check condition success for : SW_VBUS_DRIVE_MSC_HS = false
2026-04-22 22:30:09,524 [INFO] Middleware:617 - instanceName : USB_HOST bspName : Drive_VBUS_HS check condition success for : SW_VBUS_DRIVE_MSC_HS = false
2026-04-22 22:30:09,524 [INFO] Middleware:617 - instanceName : USB_HOST bspName : Drive_VBUS_FS check condition success for : ALL_SW_VBUS_DRIVE_FS = false
2026-04-22 22:30:09,524 [INFO] Middleware:617 - instanceName : USB_HOST bspName : Drive_VBUS_FS check condition success for : ALL_SW_VBUS_DRIVE_FS = false
2026-04-22 22:30:09,524 [INFO] Middleware:617 - instanceName : USB_HOST bspName : Drive_VBUS_HS check condition success for : ALL_SW_VBUS_DRIVE_HS = false
2026-04-22 22:30:09,525 [INFO] Middleware:617 - instanceName : USB_HOST bspName : Drive_VBUS_HS check condition success for : ALL_SW_VBUS_DRIVE_HS = false
2026-04-22 22:30:09,525 [INFO] Middleware:617 - instanceName : USB_HOST bspName : Drive_VBUS_FS check condition success for : SW_VBUS_DRIVE_MTP_FS = false
2026-04-22 22:30:09,525 [INFO] Middleware:617 - instanceName : USB_HOST bspName : Drive_VBUS_FS check condition success for : SW_VBUS_DRIVE_MTP_FS = false
2026-04-22 22:30:09,525 [INFO] Middleware:617 - instanceName : USB_HOST bspName : Drive_VBUS_HS check condition success for : SW_VBUS_DRIVE_MTP_HS = false
2026-04-22 22:30:09,525 [INFO] Middleware:617 - instanceName : USB_HOST bspName : Drive_VBUS_HS check condition success for : SW_VBUS_DRIVE_MTP_HS = false
2026-04-22 22:30:09,527 [WARN] BspModel:444 - BSP dependency skipped because of component: name='IOExpander', api='Unknown'
2026-04-22 22:30:09,635 [INFO] IPUIPlugin:80 - create IPUIPlugin
2026-04-22 22:30:09,636 [INFO] IPUIPlugin:80 - create IPUIPlugin
2026-04-22 22:30:09,636 [INFO] IPUIPlugin:80 - create IPUIPlugin
2026-04-22 22:30:09,636 [INFO] IPUIPlugin:80 - create IPUIPlugin
2026-04-22 22:30:09,636 [INFO] IPUIPlugin:80 - create IPUIPlugin
2026-04-22 22:30:09,637 [INFO] IPUIPlugin:80 - create IPUIPlugin
2026-04-22 22:30:09,637 [INFO] IPUIPlugin:80 - create IPUIPlugin
2026-04-22 22:30:09,638 [INFO] IPUIPlugin:80 - create IPUIPlugin
2026-04-22 22:30:09,638 [INFO] IPUIPlugin:80 - create IPUIPlugin
2026-04-22 22:30:09,638 [INFO] IPUIPlugin:80 - create IPUIPlugin
2026-04-22 22:30:09,639 [INFO] IPUIPlugin:80 - create IPUIPlugin
2026-04-22 22:30:09,639 [INFO] IPUIPlugin:80 - create IPUIPlugin
2026-04-22 22:30:09,639 [INFO] IPUIPlugin:80 - create IPUIPlugin
2026-04-22 22:30:09,640 [INFO] IPUIPlugin:80 - create IPUIPlugin
2026-04-22 22:30:09,640 [INFO] IPUIPlugin:80 - create IPUIPlugin
2026-04-22 22:30:09,640 [INFO] IPUIPlugin:80 - create IPUIPlugin
2026-04-22 22:30:09,640 [INFO] IPUIPlugin:80 - create IPUIPlugin
2026-04-22 22:30:09,648 [INFO] IPUIPlugin:80 - create IPUIPlugin
2026-04-22 22:30:09,648 [INFO] IPUIPlugin:80 - create IPUIPlugin
2026-04-22 22:30:09,649 [INFO] IPUIPlugin:80 - create IPUIPlugin
2026-04-22 22:30:09,650 [INFO] IPUIPlugin:80 - create IPUIPlugin
2026-04-22 22:30:09,651 [INFO] IPUIPlugin:80 - create IPUIPlugin
2026-04-22 22:30:09,651 [INFO] IPUIPlugin:80 - create IPUIPlugin
2026-04-22 22:30:09,652 [INFO] IPUIPlugin:80 - create IPUIPlugin
2026-04-22 22:30:09,652 [INFO] IPUIPlugin:80 - create IPUIPlugin
2026-04-22 22:30:09,653 [INFO] IPUIPlugin:80 - create IPUIPlugin
2026-04-22 22:30:09,653 [INFO] IPUIPlugin:80 - create IPUIPlugin
2026-04-22 22:30:09,653 [INFO] IPUIPlugin:80 - create IPUIPlugin
2026-04-22 22:30:09,654 [INFO] IPUIPlugin:80 - create IPUIPlugin
2026-04-22 22:30:09,654 [INFO] IPUIPlugin:80 - create IPUIPlugin
2026-04-22 22:30:09,655 [INFO] IPUIPlugin:80 - create IPUIPlugin
2026-04-22 22:30:09,655 [INFO] IPUIPlugin:80 - create IPUIPlugin
2026-04-22 22:30:09,655 [INFO] IPUIPlugin:80 - create IPUIPlugin
2026-04-22 22:30:09,656 [INFO] IPUIPlugin:80 - create IPUIPlugin
2026-04-22 22:30:09,656 [INFO] IPUIPlugin:80 - create IPUIPlugin
2026-04-22 22:30:09,657 [INFO] IPUIPlugin:80 - create IPUIPlugin
2026-04-22 22:30:09,657 [INFO] IPUIPlugin:80 - create IPUIPlugin
2026-04-22 22:30:09,659 [INFO] IPUIPlugin:80 - create IPUIPlugin
2026-04-22 22:30:09,660 [INFO] IPUIPlugin:80 - create IPUIPlugin
2026-04-22 22:30:09,660 [INFO] IPUIPlugin:80 - create IPUIPlugin
2026-04-22 22:30:09,661 [INFO] IPUIPlugin:80 - create IPUIPlugin
2026-04-22 22:30:09,661 [INFO] IPUIPlugin:80 - create IPUIPlugin
2026-04-22 22:30:09,662 [INFO] IPUIPlugin:80 - create IPUIPlugin
2026-04-22 22:30:09,662 [INFO] IPUIPlugin:80 - create IPUIPlugin
2026-04-22 22:30:09,663 [INFO] IPUIPlugin:80 - create IPUIPlugin
2026-04-22 22:30:09,665 [INFO] IPUIPlugin:80 - create IPUIPlugin
2026-04-22 22:30:09,665 [INFO] IPUIPlugin:80 - create IPUIPlugin
2026-04-22 22:30:09,666 [INFO] IPUIPlugin:80 - create IPUIPlugin
2026-04-22 22:30:09,667 [INFO] IPUIPlugin:80 - create IPUIPlugin
2026-04-22 22:30:09,667 [INFO] IPUIPlugin:80 - create IPUIPlugin
2026-04-22 22:30:09,668 [INFO] IPUIPlugin:80 - create IPUIPlugin
2026-04-22 22:30:09,671 [INFO] IPUIPlugin:80 - create IPUIPlugin
2026-04-22 22:30:09,672 [INFO] IPUIPlugin:80 - create IPUIPlugin
2026-04-22 22:30:09,675 [INFO] IPUIPlugin:80 - create IPUIPlugin
2026-04-22 22:30:09,676 [INFO] IPUIPlugin:80 - create IPUIPlugin
2026-04-22 22:30:09,677 [INFO] IPUIPlugin:80 - create IPUIPlugin
2026-04-22 22:30:09,678 [INFO] IPUIPlugin:80 - create IPUIPlugin
2026-04-22 22:30:09,680 [INFO] IPUIPlugin:80 - create IPUIPlugin
2026-04-22 22:30:09,700 [INFO] ApiDbMcu:508 - Load IP Config File for PDM2PCM
2026-04-22 22:30:09,717 [WARN] IP:2119 - I2C_Coeff_DF not found: check if there is a RefParameter without a condition.
2026-04-22 22:30:09,717 [WARN] IP:2119 - Analog_Filter not found: check if there is a RefParameter without a condition.
2026-04-22 22:30:09,738 [INFO] I2sManager:658 - 9.6E7
2026-04-22 22:30:09,739 [INFO] I2sManager:195 - I2S Clock Value : 9.6E7
2026-04-22 22:30:09,744 [INFO] I2sManager:553 - AudioClock : 93750Divider : 2Odd : 0
2026-04-22 22:30:10,202 [INFO] CADModel:165 - CPN selected for project levelSTM32F407VGT6
2026-04-22 22:30:10,203 [INFO] CADModel:114 - Register for checkConnection events
2026-04-22 22:30:10,246 [INFO] OpenFileManager:343 - Restore cursor
2026-04-22 22:30:10,595 [WARN] IP:2119 - I2C_Coeff_DF not found: check if there is a RefParameter without a condition.
2026-04-22 22:30:10,595 [WARN] IP:2119 - Analog_Filter not found: check if there is a RefParameter without a condition.
2026-04-22 22:30:10,596 [WARN] IP:2119 - I2C_Coeff_DF not found: check if there is a RefParameter without a condition.
2026-04-22 22:30:10,596 [WARN] IP:2119 - Analog_Filter not found: check if there is a RefParameter without a condition.
2026-04-22 22:30:10,634 [INFO] Middleware:617 - instanceName : USB_HOST bspName : Drive_VBUS_FS check condition success for : SW_VBUS_DRIVE_AUDIO_FS = false
2026-04-22 22:30:10,634 [INFO] Middleware:617 - instanceName : USB_HOST bspName : Drive_VBUS_FS check condition success for : SW_VBUS_DRIVE_AUDIO_FS = false
2026-04-22 22:30:10,634 [INFO] Middleware:617 - instanceName : USB_HOST bspName : Drive_VBUS_HS check condition success for : SW_VBUS_DRIVE_AUDIO_HS = false
2026-04-22 22:30:10,634 [INFO] Middleware:617 - instanceName : USB_HOST bspName : Drive_VBUS_HS check condition success for : SW_VBUS_DRIVE_AUDIO_HS = false
2026-04-22 22:30:10,634 [INFO] Middleware:617 - instanceName : USB_HOST bspName : Drive_VBUS_FS check condition success for : SW_VBUS_DRIVE_CDC_FS = false
2026-04-22 22:30:10,634 [INFO] Middleware:617 - instanceName : USB_HOST bspName : Drive_VBUS_FS check condition success for : SW_VBUS_DRIVE_CDC_FS = false
2026-04-22 22:30:10,634 [INFO] Middleware:617 - instanceName : USB_HOST bspName : Drive_VBUS_FS check condition success for : SW_VBUS_DRIVE_CDC_FS = false
2026-04-22 22:30:10,634 [INFO] Middleware:617 - instanceName : USB_HOST bspName : Drive_VBUS_HS check condition success for : SW_VBUS_DRIVE_CDC_HS = false
2026-04-22 22:30:10,634 [INFO] Middleware:617 - instanceName : USB_HOST bspName : Drive_VBUS_HS check condition success for : SW_VBUS_DRIVE_CDC_HS = false
2026-04-22 22:30:10,634 [INFO] Middleware:617 - instanceName : USB_HOST bspName : Drive_VBUS_FS check condition success for : SW_VBUS_DRIVE_HID_FS = false
2026-04-22 22:30:10,635 [INFO] Middleware:617 - instanceName : USB_HOST bspName : Drive_VBUS_FS check condition success for : SW_VBUS_DRIVE_HID_FS = false
2026-04-22 22:30:10,635 [INFO] Middleware:617 - instanceName : USB_HOST bspName : Drive_VBUS_HS check condition success for : SW_VBUS_DRIVE_HID_HS = false
2026-04-22 22:30:10,635 [INFO] Middleware:617 - instanceName : USB_HOST bspName : Drive_VBUS_HS check condition success for : SW_VBUS_DRIVE_HID_HS = false
2026-04-22 22:30:10,635 [INFO] Middleware:617 - instanceName : USB_HOST bspName : Drive_VBUS_FS check condition success for : SW_VBUS_DRIVE_MSC_FS = false
2026-04-22 22:30:10,635 [INFO] Middleware:617 - instanceName : USB_HOST bspName : Drive_VBUS_FS check condition success for : SW_VBUS_DRIVE_MSC_FS = false
2026-04-22 22:30:10,635 [INFO] Middleware:617 - instanceName : USB_HOST bspName : Drive_VBUS_HS check condition success for : SW_VBUS_DRIVE_MSC_HS = false
2026-04-22 22:30:10,635 [INFO] Middleware:617 - instanceName : USB_HOST bspName : Drive_VBUS_HS check condition success for : SW_VBUS_DRIVE_MSC_HS = false
2026-04-22 22:30:10,635 [INFO] Middleware:617 - instanceName : USB_HOST bspName : Drive_VBUS_FS check condition success for : ALL_SW_VBUS_DRIVE_FS = false
2026-04-22 22:30:10,635 [INFO] Middleware:617 - instanceName : USB_HOST bspName : Drive_VBUS_FS check condition success for : ALL_SW_VBUS_DRIVE_FS = false
2026-04-22 22:30:10,635 [INFO] Middleware:617 - instanceName : USB_HOST bspName : Drive_VBUS_HS check condition success for : ALL_SW_VBUS_DRIVE_HS = false
2026-04-22 22:30:10,635 [INFO] Middleware:617 - instanceName : USB_HOST bspName : Drive_VBUS_HS check condition success for : ALL_SW_VBUS_DRIVE_HS = false
2026-04-22 22:30:10,635 [INFO] Middleware:617 - instanceName : USB_HOST bspName : Drive_VBUS_FS check condition success for : SW_VBUS_DRIVE_MTP_FS = false
2026-04-22 22:30:10,635 [INFO] Middleware:617 - instanceName : USB_HOST bspName : Drive_VBUS_FS check condition success for : SW_VBUS_DRIVE_MTP_FS = false
2026-04-22 22:30:10,635 [INFO] Middleware:617 - instanceName : USB_HOST bspName : Drive_VBUS_HS check condition success for : SW_VBUS_DRIVE_MTP_HS = false
2026-04-22 22:30:10,635 [INFO] Middleware:617 - instanceName : USB_HOST bspName : Drive_VBUS_HS check condition success for : SW_VBUS_DRIVE_MTP_HS = false
2026-04-22 22:30:12,146 [INFO] UtilMem:75 - End SaveConfig() Used Memory: 556297144 Bytes (828375040)
2026-04-22 22:30:12,351 [INFO] UtilMem:75 - End SaveConfig() Used Memory: 576179792 Bytes (828375040)
2026-04-22 22:30:13,542 [INFO] BlockDiagram:2759 - set Specific Code input for plugin: SPI
2026-04-22 22:30:13,542 [INFO] BlockDiagram:2759 - set Specific Code input for plugin: I2S
2026-04-22 22:30:13,542 [INFO] BlockDiagram:2759 - set Specific Code input for plugin: SYS
2026-04-22 22:30:13,542 [INFO] BlockDiagram:2759 - set Specific Code input for plugin: RCC
2026-04-22 22:30:13,543 [INFO] BlockDiagram:2759 - set Specific Code input for plugin: I2C
2026-04-22 22:30:13,543 [INFO] BlockDiagram:2759 - set Specific Code input for plugin: USB_OTG_FS
2026-04-22 22:30:13,543 [INFO] BlockDiagram:2759 - set Specific Code input for plugin: NVIC
2026-04-22 22:30:13,543 [INFO] BlockDiagram:2759 - set Specific Code input for plugin: USB_HOST
2026-04-22 22:30:13,545 [INFO] BlockDiagram:2759 - set Specific Code input for plugin: GPIO
2026-04-22 22:30:13,550 [INFO] CodeGenerator:807 - code generatio: config db path: C:\ST\STM32CubeIDE_1.14.0\STM32CubeIDE\plugins\com.st.stm32cube.common.mx_6.10.0.202311202037\\db\
2026-04-22 22:30:13,585 [WARN] IP:2119 - I2C_Coeff_DF not found: check if there is a RefParameter without a condition.
2026-04-22 22:30:13,585 [WARN] IP:2119 - Analog_Filter not found: check if there is a RefParameter without a condition.
2026-04-22 22:30:14,183 [INFO] CodeEngine:255 - oldGeneratedFile, C:\Users\hop\Documents\GitHub\stm32_code\code\f4disc1_001_uart_hello_world\MXTmpFiles\license.tmp_save
2026-04-22 22:30:14,848 [INFO] CodeEngine:279 - Generated code: C:\Users\hop\Documents\GitHub\stm32_code\code\f4disc1_001_uart_hello_world\MXTmpFiles\license.tmp
2026-04-22 22:30:15,108 [INFO] CodeEngine:255 - oldGeneratedFile, C:\Users\hop\Documents\GitHub\stm32_code\code\f4disc1_001_uart_hello_world\MXTmpFiles\gpio.tmp_save
2026-04-22 22:30:15,437 [INFO] CodeEngine:279 - Generated code: C:\Users\hop\Documents\GitHub\stm32_code\code\f4disc1_001_uart_hello_world\MXTmpFiles\gpio.tmp
2026-04-22 22:30:15,702 [WARN] IPConfigManager:2946 - Warning: the RefConfig PWREx_EnableUSBVoltageDetector is not available in your config.xml file
2026-04-22 22:30:15,725 [INFO] CodeEngine:255 - oldGeneratedFile, C:\Users\hop\Documents\GitHub\stm32_code\code\f4disc1_001_uart_hello_world\MXTmpFiles\usb_otg_fs_vars.tmp_save
2026-04-22 22:30:15,905 [INFO] CodeEngine:279 - Generated code: C:\Users\hop\Documents\GitHub\stm32_code\code\f4disc1_001_uart_hello_world\MXTmpFiles\usb_otg_fs_vars.tmp
2026-04-22 22:30:15,918 [INFO] CodeEngine:255 - oldGeneratedFile, C:\Users\hop\Documents\GitHub\stm32_code\code\f4disc1_001_uart_hello_world\MXTmpFiles\usb_otg_fs_inc.tmp_save
2026-04-22 22:30:16,075 [INFO] CodeEngine:279 - Generated code: C:\Users\hop\Documents\GitHub\stm32_code\code\f4disc1_001_uart_hello_world\MXTmpFiles\usb_otg_fs_inc.tmp
2026-04-22 22:30:16,094 [INFO] CodeEngine:255 - oldGeneratedFile, C:\Users\hop\Documents\GitHub\stm32_code\code\f4disc1_001_uart_hello_world\MXTmpFiles\usb_otg_fs_HalInit.tmp_save
2026-04-22 22:30:16,321 [INFO] CodeEngine:279 - Generated code: C:\Users\hop\Documents\GitHub\stm32_code\code\f4disc1_001_uart_hello_world\MXTmpFiles\usb_otg_fs_HalInit.tmp
2026-04-22 22:30:16,337 [INFO] CodeEngine:255 - oldGeneratedFile, C:\Users\hop\Documents\GitHub\stm32_code\code\f4disc1_001_uart_hello_world\MXTmpFiles\usb_otg_fs_Msp.tmp_save
2026-04-22 22:30:16,560 [INFO] CodeEngine:279 - Generated code: C:\Users\hop\Documents\GitHub\stm32_code\code\f4disc1_001_uart_hello_world\MXTmpFiles\usb_otg_fs_Msp.tmp
2026-04-22 22:30:17,558 [INFO] CodeEngine:255 - oldGeneratedFile, C:\Users\hop\Documents\GitHub\stm32_code\code\f4disc1_001_uart_hello_world\USB_HOST\App\usb_host.c_save
2026-04-22 22:30:17,792 [INFO] CodeEngine:279 - Generated code: C:\Users\hop\Documents\GitHub\stm32_code\code\f4disc1_001_uart_hello_world\USB_HOST\App\usb_host.c
2026-04-22 22:30:17,810 [INFO] CodeEngine:255 - oldGeneratedFile, C:\Users\hop\Documents\GitHub\stm32_code\code\f4disc1_001_uart_hello_world\USB_HOST\App\usb_host.h_save
2026-04-22 22:30:17,983 [INFO] CodeEngine:279 - Generated code: C:\Users\hop\Documents\GitHub\stm32_code\code\f4disc1_001_uart_hello_world\USB_HOST\App\usb_host.h
2026-04-22 22:30:17,997 [INFO] CodeEngine:255 - oldGeneratedFile, C:\Users\hop\Documents\GitHub\stm32_code\code\f4disc1_001_uart_hello_world\USB_HOST\Target\usbh_conf.h_save
2026-04-22 22:30:18,220 [INFO] CodeEngine:279 - Generated code: C:\Users\hop\Documents\GitHub\stm32_code\code\f4disc1_001_uart_hello_world\USB_HOST\Target\usbh_conf.h
2026-04-22 22:30:18,235 [INFO] CodeEngine:255 - oldGeneratedFile, C:\Users\hop\Documents\GitHub\stm32_code\code\f4disc1_001_uart_hello_world\USB_HOST\Target\usbh_conf.c_save
2026-04-22 22:30:18,449 [INFO] CodeEngine:279 - Generated code: C:\Users\hop\Documents\GitHub\stm32_code\code\f4disc1_001_uart_hello_world\USB_HOST\Target\usbh_conf.c
2026-04-22 22:30:18,466 [INFO] CodeEngine:255 - oldGeneratedFile, C:\Users\hop\Documents\GitHub\stm32_code\code\f4disc1_001_uart_hello_world\USB_HOST\Target\usbh_platform.c_save
2026-04-22 22:30:18,631 [INFO] CodeEngine:279 - Generated code: C:\Users\hop\Documents\GitHub\stm32_code\code\f4disc1_001_uart_hello_world\USB_HOST\Target\usbh_platform.c
2026-04-22 22:30:18,645 [INFO] CodeEngine:255 - oldGeneratedFile, C:\Users\hop\Documents\GitHub\stm32_code\code\f4disc1_001_uart_hello_world\USB_HOST\Target\usbh_platform.h_save
2026-04-22 22:30:18,828 [INFO] CodeEngine:279 - Generated code: C:\Users\hop\Documents\GitHub\stm32_code\code\f4disc1_001_uart_hello_world\USB_HOST\Target\usbh_platform.h
2026-04-22 22:30:18,870 [INFO] CodeEngine:255 - oldGeneratedFile, C:\Users\hop\Documents\GitHub\stm32_code\code\f4disc1_001_uart_hello_world\Core\Src\stm32f4xx_it.c_save
2026-04-22 22:30:19,176 [INFO] CodeEngine:279 - Generated code: C:\Users\hop\Documents\GitHub\stm32_code\code\f4disc1_001_uart_hello_world\Core\Src\stm32f4xx_it.c
2026-04-22 22:30:19,192 [INFO] CodeEngine:255 - oldGeneratedFile, C:\Users\hop\Documents\GitHub\stm32_code\code\f4disc1_001_uart_hello_world\Core\Inc\stm32f4xx_it.h_save
2026-04-22 22:30:19,355 [INFO] CodeEngine:279 - Generated code: C:\Users\hop\Documents\GitHub\stm32_code\code\f4disc1_001_uart_hello_world\Core\Inc\stm32f4xx_it.h
2026-04-22 22:30:19,395 [INFO] CodeEngine:255 - oldGeneratedFile, C:\Users\hop\Documents\GitHub\stm32_code\code\f4disc1_001_uart_hello_world\Core\Src\stm32f4xx_hal_msp.c_save
2026-04-22 22:30:19,776 [INFO] CodeEngine:279 - Generated code: C:\Users\hop\Documents\GitHub\stm32_code\code\f4disc1_001_uart_hello_world\Core\Src\stm32f4xx_hal_msp.c
2026-04-22 22:30:19,794 [INFO] CodeEngine:255 - oldGeneratedFile, C:\Users\hop\Documents\GitHub\stm32_code\code\f4disc1_001_uart_hello_world\MXTmpFiles\system.tmp_save
2026-04-22 22:30:19,987 [INFO] CodeEngine:279 - Generated code: C:\Users\hop\Documents\GitHub\stm32_code\code\f4disc1_001_uart_hello_world\MXTmpFiles\system.tmp
2026-04-22 22:30:20,012 [INFO] CodeEngine:311 - oldGeneratedFile, C:\Users\hop\Documents\GitHub\stm32_code\code\f4disc1_001_uart_hello_world\Core\Inc\stm32f4xx_hal_conf.h_save
2026-04-22 22:30:20,245 [INFO] CodeEngine:335 - Generated code: C:\Users\hop\Documents\GitHub\stm32_code\code\f4disc1_001_uart_hello_world\Core\Inc\stm32f4xx_hal_conf.h
2026-04-22 22:30:20,481 [INFO] CodeEngine:255 - oldGeneratedFile, C:\Users\hop\Documents\GitHub\stm32_code\code\f4disc1_001_uart_hello_world\Core\Inc\main.h_save
2026-04-22 22:30:20,727 [INFO] CodeEngine:279 - Generated code: C:\Users\hop\Documents\GitHub\stm32_code\code\f4disc1_001_uart_hello_world\Core\Inc\main.h
2026-04-22 22:30:20,742 [INFO] CodeEngine:255 - oldGeneratedFile, C:\Users\hop\Documents\GitHub\stm32_code\code\f4disc1_001_uart_hello_world\Core\Src\main.c_save
2026-04-22 22:30:21,030 [INFO] CodeEngine:279 - Generated code: C:\Users\hop\Documents\GitHub\stm32_code\code\f4disc1_001_uart_hello_world\Core\Src\main.c
2026-04-22 22:30:21,845 [ERROR] ConfigurationRetriever:142 - IOException on connection: sw-center.st.com
2026-04-22 22:30:21,846 [ERROR] ConfigurationRetriever:142 - IOException on connection: sw-center.st.com
2026-04-22 22:30:21,847 [ERROR] ConfigurationRetriever:142 - IOException on connection: sw-center.st.com
2026-04-22 22:30:22,528 [INFO] ProjectBuilder:3076 - Time for Copy HAL[1] : 425mS.
2026-04-22 22:30:22,551 [INFO] ProjectBuilder:4485 - Project Generator version: 4.2.0-B44
2026-04-22 22:30:23,125 [INFO] ConfigFileManager:1495 - The Die is : DIE413
2026-04-22 22:30:23,143 [INFO] ApiDbMcu:508 - Load IP Config File for FATFS
2026-04-22 22:30:23,195 [INFO] ApiDbMcu:508 - Load IP Config File for FREERTOS
2026-04-22 22:30:23,205 [INFO] ApiDbMcu:508 - Load IP Config File for LIBJPEG
2026-04-22 22:30:23,350 [INFO] ApiDbMcu:508 - Load IP Config File for LWIP
2026-04-22 22:30:23,418 [INFO] ApiDbMcu:508 - Load IP Config File for MBEDTLS
2026-04-22 22:30:23,499 [INFO] ApiDbMcu:508 - Load IP Config File for USB_DEVICE
2026-04-22 22:30:25,290 [INFO] LogOutputStream:77 - [STDOUT_REDIRECT] 
2026-04-22 22:30:30,467 [INFO] ProjectBuilder:4747 - Time for Generating toolchain IDE Files: 7916mS.
2026-04-22 22:30:30,468 [INFO] ProjectBuilder:2947 - Time for Copy CMSIS : 1mS.
2026-04-22 22:30:30,480 [INFO] ProjectBuilder:2947 - Time for Copy CMSIS : 0mS.
2026-04-22 22:30:31,394 [ERROR] ConfigurationRetriever:142 - IOException on connection: sw-center.st.com
2026-04-22 22:30:31,396 [ERROR] ConfigurationRetriever:142 - IOException on connection: sw-center.st.com
2026-04-22 22:30:31,397 [ERROR] ConfigurationRetriever:142 - IOException on connection: sw-center.st.com
2026-04-22 22:30:33,074 [INFO] McuFinderGlobals:76 - Set McuFinderConnectedMode to true
2026-04-22 22:30:33,082 [INFO] ApiDb:448 - Save user favorites file C:\Users\hop/.stm32cubeide/favorites.mcus.txt: 0 item(s)
2026-04-22 22:30:33,083 [INFO] ApiDb:452 - User favorites MCUs=[]
2026-04-22 22:30:33,085 [INFO] ApiDb:448 - Save user favorites file C:\Users\hop/.stm32cubeide/favorites.boards.txt: 1 item(s)
2026-04-22 22:30:33,086 [INFO] ApiDb:452 - User favorites Boards=[STM32F407G-DISC1]
2026-04-22 22:31:18,923 [INFO] Middleware:617 - instanceName : USB_HOST bspName : Drive_VBUS_FS check condition success for : SW_VBUS_DRIVE_AUDIO_FS = false
2026-04-22 22:31:18,923 [INFO] Middleware:617 - instanceName : USB_HOST bspName : Drive_VBUS_FS check condition success for : SW_VBUS_DRIVE_AUDIO_FS = false
2026-04-22 22:31:18,923 [INFO] Middleware:617 - instanceName : USB_HOST bspName : Drive_VBUS_HS check condition success for : SW_VBUS_DRIVE_AUDIO_HS = false
2026-04-22 22:31:18,923 [INFO] Middleware:617 - instanceName : USB_HOST bspName : Drive_VBUS_HS check condition success for : SW_VBUS_DRIVE_AUDIO_HS = false
2026-04-22 22:31:18,923 [INFO] Middleware:617 - instanceName : USB_HOST bspName : Drive_VBUS_FS check condition success for : SW_VBUS_DRIVE_CDC_FS = false
2026-04-22 22:31:18,923 [INFO] Middleware:617 - instanceName : USB_HOST bspName : Drive_VBUS_FS check condition success for : SW_VBUS_DRIVE_CDC_FS = false
2026-04-22 22:31:18,923 [INFO] Middleware:617 - instanceName : USB_HOST bspName : Drive_VBUS_FS check condition success for : SW_VBUS_DRIVE_CDC_FS = false
2026-04-22 22:31:18,924 [INFO] Middleware:617 - instanceName : USB_HOST bspName : Drive_VBUS_HS check condition success for : SW_VBUS_DRIVE_CDC_HS = false
2026-04-22 22:31:18,924 [INFO] Middleware:617 - instanceName : USB_HOST bspName : Drive_VBUS_HS check condition success for : SW_VBUS_DRIVE_CDC_HS = false
2026-04-22 22:31:18,924 [INFO] Middleware:617 - instanceName : USB_HOST bspName : Drive_VBUS_FS check condition success for : SW_VBUS_DRIVE_HID_FS = false
2026-04-22 22:31:18,924 [INFO] Middleware:617 - instanceName : USB_HOST bspName : Drive_VBUS_FS check condition success for : SW_VBUS_DRIVE_HID_FS = false
2026-04-22 22:31:18,924 [INFO] Middleware:617 - instanceName : USB_HOST bspName : Drive_VBUS_HS check condition success for : SW_VBUS_DRIVE_HID_HS = false
2026-04-22 22:31:18,924 [INFO] Middleware:617 - instanceName : USB_HOST bspName : Drive_VBUS_HS check condition success for : SW_VBUS_DRIVE_HID_HS = false
2026-04-22 22:31:18,925 [INFO] Middleware:617 - instanceName : USB_HOST bspName : Drive_VBUS_FS check condition success for : SW_VBUS_DRIVE_MSC_FS = false
2026-04-22 22:31:18,926 [INFO] Middleware:617 - instanceName : USB_HOST bspName : Drive_VBUS_FS check condition success for : SW_VBUS_DRIVE_MSC_FS = false
2026-04-22 22:31:18,926 [INFO] Middleware:617 - instanceName : USB_HOST bspName : Drive_VBUS_HS check condition success for : SW_VBUS_DRIVE_MSC_HS = false
2026-04-22 22:31:18,926 [INFO] Middleware:617 - instanceName : USB_HOST bspName : Drive_VBUS_HS check condition success for : SW_VBUS_DRIVE_MSC_HS = false
2026-04-22 22:31:18,927 [INFO] Middleware:617 - instanceName : USB_HOST bspName : Drive_VBUS_FS check condition success for : ALL_SW_VBUS_DRIVE_FS = false
2026-04-22 22:31:18,927 [INFO] Middleware:617 - instanceName : USB_HOST bspName : Drive_VBUS_FS check condition success for : ALL_SW_VBUS_DRIVE_FS = false
2026-04-22 22:31:18,927 [INFO] Middleware:617 - instanceName : USB_HOST bspName : Drive_VBUS_HS check condition success for : ALL_SW_VBUS_DRIVE_HS = false
2026-04-22 22:31:18,927 [INFO] Middleware:617 - instanceName : USB_HOST bspName : Drive_VBUS_HS check condition success for : ALL_SW_VBUS_DRIVE_HS = false
2026-04-22 22:31:18,928 [INFO] Middleware:617 - instanceName : USB_HOST bspName : Drive_VBUS_FS check condition success for : SW_VBUS_DRIVE_MTP_FS = false
2026-04-22 22:31:18,928 [INFO] Middleware:617 - instanceName : USB_HOST bspName : Drive_VBUS_FS check condition success for : SW_VBUS_DRIVE_MTP_FS = false
2026-04-22 22:31:18,928 [INFO] Middleware:617 - instanceName : USB_HOST bspName : Drive_VBUS_HS check condition success for : SW_VBUS_DRIVE_MTP_HS = false
2026-04-22 22:31:18,928 [INFO] Middleware:617 - instanceName : USB_HOST bspName : Drive_VBUS_HS check condition success for : SW_VBUS_DRIVE_MTP_HS = false
2026-04-22 22:31:18,928 [WARN] BspModel:444 - BSP dependency skipped because of component: name='IOExpander', api='Unknown'
2026-04-22 22:31:19,314 [INFO] Middleware:617 - instanceName : USB_HOST bspName : Drive_VBUS_FS check condition success for : SW_VBUS_DRIVE_AUDIO_FS = false
2026-04-22 22:31:19,314 [INFO] Middleware:617 - instanceName : USB_HOST bspName : Drive_VBUS_FS check condition success for : SW_VBUS_DRIVE_AUDIO_FS = false
2026-04-22 22:31:19,314 [INFO] Middleware:617 - instanceName : USB_HOST bspName : Drive_VBUS_HS check condition success for : SW_VBUS_DRIVE_AUDIO_HS = false
2026-04-22 22:31:19,314 [INFO] Middleware:617 - instanceName : USB_HOST bspName : Drive_VBUS_HS check condition success for : SW_VBUS_DRIVE_AUDIO_HS = false
2026-04-22 22:31:19,314 [INFO] Middleware:617 - instanceName : USB_HOST bspName : Drive_VBUS_FS check condition success for : SW_VBUS_DRIVE_CDC_FS = false
2026-04-22 22:31:19,314 [INFO] Middleware:617 - instanceName : USB_HOST bspName : Drive_VBUS_FS check condition success for : SW_VBUS_DRIVE_CDC_FS = false
2026-04-22 22:31:19,314 [INFO] Middleware:617 - instanceName : USB_HOST bspName : Drive_VBUS_FS check condition success for : SW_VBUS_DRIVE_CDC_FS = false
2026-04-22 22:31:19,314 [INFO] Middleware:617 - instanceName : USB_HOST bspName : Drive_VBUS_HS check condition success for : SW_VBUS_DRIVE_CDC_HS = false
2026-04-22 22:31:19,314 [INFO] Middleware:617 - instanceName : USB_HOST bspName : Drive_VBUS_HS check condition success for : SW_VBUS_DRIVE_CDC_HS = false
2026-04-22 22:31:19,315 [INFO] Middleware:617 - instanceName : USB_HOST bspName : Drive_VBUS_FS check condition success for : SW_VBUS_DRIVE_HID_FS = false
2026-04-22 22:31:19,315 [INFO] Middleware:617 - instanceName : USB_HOST bspName : Drive_VBUS_FS check condition success for : SW_VBUS_DRIVE_HID_FS = false
2026-04-22 22:31:19,315 [INFO] Middleware:617 - instanceName : USB_HOST bspName : Drive_VBUS_HS check condition success for : SW_VBUS_DRIVE_HID_HS = false
2026-04-22 22:31:19,315 [INFO] Middleware:617 - instanceName : USB_HOST bspName : Drive_VBUS_HS check condition success for : SW_VBUS_DRIVE_HID_HS = false
2026-04-22 22:31:19,315 [INFO] Middleware:617 - instanceName : USB_HOST bspName : Drive_VBUS_FS check condition success for : SW_VBUS_DRIVE_MSC_FS = false
2026-04-22 22:31:19,315 [INFO] Middleware:617 - instanceName : USB_HOST bspName : Drive_VBUS_FS check condition success for : SW_VBUS_DRIVE_MSC_FS = false
2026-04-22 22:31:19,315 [INFO] Middleware:617 - instanceName : USB_HOST bspName : Drive_VBUS_HS check condition success for : SW_VBUS_DRIVE_MSC_HS = false
2026-04-22 22:31:19,315 [INFO] Middleware:617 - instanceName : USB_HOST bspName : Drive_VBUS_HS check condition success for : SW_VBUS_DRIVE_MSC_HS = false
2026-04-22 22:31:19,315 [INFO] Middleware:617 - instanceName : USB_HOST bspName : Drive_VBUS_FS check condition success for : ALL_SW_VBUS_DRIVE_FS = false
2026-04-22 22:31:19,316 [INFO] Middleware:617 - instanceName : USB_HOST bspName : Drive_VBUS_FS check condition success for : ALL_SW_VBUS_DRIVE_FS = false
2026-04-22 22:31:19,316 [INFO] Middleware:617 - instanceName : USB_HOST bspName : Drive_VBUS_HS check condition success for : ALL_SW_VBUS_DRIVE_HS = false
2026-04-22 22:31:19,316 [INFO] Middleware:617 - instanceName : USB_HOST bspName : Drive_VBUS_HS check condition success for : ALL_SW_VBUS_DRIVE_HS = false
2026-04-22 22:31:19,316 [INFO] Middleware:617 - instanceName : USB_HOST bspName : Drive_VBUS_FS check condition success for : SW_VBUS_DRIVE_MTP_FS = false
2026-04-22 22:31:19,316 [INFO] Middleware:617 - instanceName : USB_HOST bspName : Drive_VBUS_FS check condition success for : SW_VBUS_DRIVE_MTP_FS = false
2026-04-22 22:31:19,317 [INFO] Middleware:617 - instanceName : USB_HOST bspName : Drive_VBUS_HS check condition success for : SW_VBUS_DRIVE_MTP_HS = false
2026-04-22 22:31:19,317 [INFO] Middleware:617 - instanceName : USB_HOST bspName : Drive_VBUS_HS check condition success for : SW_VBUS_DRIVE_MTP_HS = false
2026-04-22 22:31:19,317 [WARN] BspModel:444 - BSP dependency skipped because of component: name='IOExpander', api='Unknown'
2026-04-22 22:31:26,263 [INFO] Middleware:617 - instanceName : USB_HOST bspName : Drive_VBUS_FS check condition success for : SW_VBUS_DRIVE_AUDIO_FS = false
2026-04-22 22:31:26,263 [INFO] Middleware:617 - instanceName : USB_HOST bspName : Drive_VBUS_FS check condition success for : SW_VBUS_DRIVE_AUDIO_FS = false
2026-04-22 22:31:26,263 [INFO] Middleware:617 - instanceName : USB_HOST bspName : Drive_VBUS_HS check condition success for : SW_VBUS_DRIVE_AUDIO_HS = false
2026-04-22 22:31:26,263 [INFO] Middleware:617 - instanceName : USB_HOST bspName : Drive_VBUS_HS check condition success for : SW_VBUS_DRIVE_AUDIO_HS = false
2026-04-22 22:31:26,263 [INFO] Middleware:617 - instanceName : USB_HOST bspName : Drive_VBUS_FS check condition success for : SW_VBUS_DRIVE_CDC_FS = false
2026-04-22 22:31:26,263 [INFO] Middleware:617 - instanceName : USB_HOST bspName : Drive_VBUS_FS check condition success for : SW_VBUS_DRIVE_CDC_FS = false
2026-04-22 22:31:26,263 [INFO] Middleware:617 - instanceName : USB_HOST bspName : Drive_VBUS_FS check condition success for : SW_VBUS_DRIVE_CDC_FS = false
2026-04-22 22:31:26,264 [INFO] Middleware:617 - instanceName : USB_HOST bspName : Drive_VBUS_HS check condition success for : SW_VBUS_DRIVE_CDC_HS = false
2026-04-22 22:31:26,264 [INFO] Middleware:617 - instanceName : USB_HOST bspName : Drive_VBUS_HS check condition success for : SW_VBUS_DRIVE_CDC_HS = false
2026-04-22 22:31:26,264 [INFO] Middleware:617 - instanceName : USB_HOST bspName : Drive_VBUS_FS check condition success for : SW_VBUS_DRIVE_HID_FS = false
2026-04-22 22:31:26,264 [INFO] Middleware:617 - instanceName : USB_HOST bspName : Drive_VBUS_FS check condition success for : SW_VBUS_DRIVE_HID_FS = false
2026-04-22 22:31:26,264 [INFO] Middleware:617 - instanceName : USB_HOST bspName : Drive_VBUS_HS check condition success for : SW_VBUS_DRIVE_HID_HS = false
2026-04-22 22:31:26,264 [INFO] Middleware:617 - instanceName : USB_HOST bspName : Drive_VBUS_HS check condition success for : SW_VBUS_DRIVE_HID_HS = false
2026-04-22 22:31:26,264 [INFO] Middleware:617 - instanceName : USB_HOST bspName : Drive_VBUS_FS check condition success for : SW_VBUS_DRIVE_MSC_FS = false
2026-04-22 22:31:26,264 [INFO] Middleware:617 - instanceName : USB_HOST bspName : Drive_VBUS_FS check condition success for : SW_VBUS_DRIVE_MSC_FS = false
2026-04-22 22:31:26,264 [INFO] Middleware:617 - instanceName : USB_HOST bspName : Drive_VBUS_HS check condition success for : SW_VBUS_DRIVE_MSC_HS = false
2026-04-22 22:31:26,264 [INFO] Middleware:617 - instanceName : USB_HOST bspName : Drive_VBUS_HS check condition success for : SW_VBUS_DRIVE_MSC_HS = false
2026-04-22 22:31:26,264 [INFO] Middleware:617 - instanceName : USB_HOST bspName : Drive_VBUS_FS check condition success for : ALL_SW_VBUS_DRIVE_FS = false
2026-04-22 22:31:26,265 [INFO] Middleware:617 - instanceName : USB_HOST bspName : Drive_VBUS_FS check condition success for : ALL_SW_VBUS_DRIVE_FS = false
2026-04-22 22:31:26,265 [INFO] Middleware:617 - instanceName : USB_HOST bspName : Drive_VBUS_HS check condition success for : ALL_SW_VBUS_DRIVE_HS = false
2026-04-22 22:31:26,265 [INFO] Middleware:617 - instanceName : USB_HOST bspName : Drive_VBUS_HS check condition success for : ALL_SW_VBUS_DRIVE_HS = false
2026-04-22 22:31:26,265 [INFO] Middleware:617 - instanceName : USB_HOST bspName : Drive_VBUS_FS check condition success for : SW_VBUS_DRIVE_MTP_FS = false
2026-04-22 22:31:26,265 [INFO] Middleware:617 - instanceName : USB_HOST bspName : Drive_VBUS_FS check condition success for : SW_VBUS_DRIVE_MTP_FS = false
2026-04-22 22:31:26,265 [INFO] Middleware:617 - instanceName : USB_HOST bspName : Drive_VBUS_HS check condition success for : SW_VBUS_DRIVE_MTP_HS = false
2026-04-22 22:31:26,265 [INFO] Middleware:617 - instanceName : USB_HOST bspName : Drive_VBUS_HS check condition success for : SW_VBUS_DRIVE_MTP_HS = false
2026-04-22 22:31:26,265 [WARN] BspModel:444 - BSP dependency skipped because of component: name='IOExpander', api='Unknown'
2026-04-22 22:31:26,359 [INFO] Middleware:617 - instanceName : USB_HOST bspName : Drive_VBUS_FS check condition success for : SW_VBUS_DRIVE_AUDIO_FS = false
2026-04-22 22:31:26,360 [INFO] Middleware:617 - instanceName : USB_HOST bspName : Drive_VBUS_FS check condition success for : SW_VBUS_DRIVE_AUDIO_FS = false
2026-04-22 22:31:26,360 [INFO] Middleware:617 - instanceName : USB_HOST bspName : Drive_VBUS_HS check condition success for : SW_VBUS_DRIVE_AUDIO_HS = false
2026-04-22 22:31:26,360 [INFO] Middleware:617 - instanceName : USB_HOST bspName : Drive_VBUS_HS check condition success for : SW_VBUS_DRIVE_AUDIO_HS = false
2026-04-22 22:31:26,360 [INFO] Middleware:617 - instanceName : USB_HOST bspName : Drive_VBUS_FS check condition success for : SW_VBUS_DRIVE_CDC_FS = false
2026-04-22 22:31:26,360 [INFO] Middleware:617 - instanceName : USB_HOST bspName : Drive_VBUS_FS check condition success for : SW_VBUS_DRIVE_CDC_FS = false
2026-04-22 22:31:26,360 [INFO] Middleware:617 - instanceName : USB_HOST bspName : Drive_VBUS_FS check condition success for : SW_VBUS_DRIVE_CDC_FS = false
2026-04-22 22:31:26,360 [INFO] Middleware:617 - instanceName : USB_HOST bspName : Drive_VBUS_HS check condition success for : SW_VBUS_DRIVE_CDC_HS = false
2026-04-22 22:31:26,360 [INFO] Middleware:617 - instanceName : USB_HOST bspName : Drive_VBUS_HS check condition success for : SW_VBUS_DRIVE_CDC_HS = false
2026-04-22 22:31:26,360 [INFO] Middleware:617 - instanceName : USB_HOST bspName : Drive_VBUS_FS check condition success for : SW_VBUS_DRIVE_HID_FS = false
2026-04-22 22:31:26,360 [INFO] Middleware:617 - instanceName : USB_HOST bspName : Drive_VBUS_FS check condition success for : SW_VBUS_DRIVE_HID_FS = false
2026-04-22 22:31:26,360 [INFO] Middleware:617 - instanceName : USB_HOST bspName : Drive_VBUS_HS check condition success for : SW_VBUS_DRIVE_HID_HS = false
2026-04-22 22:31:26,360 [INFO] Middleware:617 - instanceName : USB_HOST bspName : Drive_VBUS_HS check condition success for : SW_VBUS_DRIVE_HID_HS = false
2026-04-22 22:31:26,360 [INFO] Middleware:617 - instanceName : USB_HOST bspName : Drive_VBUS_FS check condition success for : SW_VBUS_DRIVE_MSC_FS = false
2026-04-22 22:31:26,360 [INFO] Middleware:617 - instanceName : USB_HOST bspName : Drive_VBUS_FS check condition success for : SW_VBUS_DRIVE_MSC_FS = false
2026-04-22 22:31:26,360 [INFO] Middleware:617 - instanceName : USB_HOST bspName : Drive_VBUS_HS check condition success for : SW_VBUS_DRIVE_MSC_HS = false
2026-04-22 22:31:26,360 [INFO] Middleware:617 - instanceName : USB_HOST bspName : Drive_VBUS_HS check condition success for : SW_VBUS_DRIVE_MSC_HS = false
2026-04-22 22:31:26,360 [INFO] Middleware:617 - instanceName : USB_HOST bspName : Drive_VBUS_FS check condition success for : ALL_SW_VBUS_DRIVE_FS = false
2026-04-22 22:31:26,360 [INFO] Middleware:617 - instanceName : USB_HOST bspName : Drive_VBUS_FS check condition success for : ALL_SW_VBUS_DRIVE_FS = false
2026-04-22 22:31:26,360 [INFO] Middleware:617 - instanceName : USB_HOST bspName : Drive_VBUS_HS check condition success for : ALL_SW_VBUS_DRIVE_HS = false
2026-04-22 22:31:26,361 [INFO] Middleware:617 - instanceName : USB_HOST bspName : Drive_VBUS_HS check condition success for : ALL_SW_VBUS_DRIVE_HS = false
2026-04-22 22:31:26,361 [INFO] Middleware:617 - instanceName : USB_HOST bspName : Drive_VBUS_FS check condition success for : SW_VBUS_DRIVE_MTP_FS = false
2026-04-22 22:31:26,361 [INFO] Middleware:617 - instanceName : USB_HOST bspName : Drive_VBUS_FS check condition success for : SW_VBUS_DRIVE_MTP_FS = false
2026-04-22 22:31:26,361 [INFO] Middleware:617 - instanceName : USB_HOST bspName : Drive_VBUS_HS check condition success for : SW_VBUS_DRIVE_MTP_HS = false
2026-04-22 22:31:26,361 [INFO] Middleware:617 - instanceName : USB_HOST bspName : Drive_VBUS_HS check condition success for : SW_VBUS_DRIVE_MTP_HS = false
2026-04-22 22:31:26,361 [WARN] BspModel:444 - BSP dependency skipped because of component: name='IOExpander', api='Unknown'
2026-04-22 22:31:26,510 [WARN] IP:2119 - I2C_Coeff_DF not found: check if there is a RefParameter without a condition.
2026-04-22 22:31:26,510 [WARN] IP:2119 - Analog_Filter not found: check if there is a RefParameter without a condition.
2026-04-22 22:31:26,511 [WARN] IP:2119 - I2C_Coeff_DF not found: check if there is a RefParameter without a condition.
2026-04-22 22:31:26,511 [WARN] IP:2119 - Analog_Filter not found: check if there is a RefParameter without a condition.
2026-04-22 22:31:26,537 [INFO] Middleware:617 - instanceName : USB_HOST bspName : Drive_VBUS_FS check condition success for : SW_VBUS_DRIVE_AUDIO_FS = false
2026-04-22 22:31:26,537 [INFO] Middleware:617 - instanceName : USB_HOST bspName : Drive_VBUS_FS check condition success for : SW_VBUS_DRIVE_AUDIO_FS = false
2026-04-22 22:31:26,538 [INFO] Middleware:617 - instanceName : USB_HOST bspName : Drive_VBUS_HS check condition success for : SW_VBUS_DRIVE_AUDIO_HS = false
2026-04-22 22:31:26,538 [INFO] Middleware:617 - instanceName : USB_HOST bspName : Drive_VBUS_HS check condition success for : SW_VBUS_DRIVE_AUDIO_HS = false
2026-04-22 22:31:26,538 [INFO] Middleware:617 - instanceName : USB_HOST bspName : Drive_VBUS_FS check condition success for : SW_VBUS_DRIVE_CDC_FS = false
2026-04-22 22:31:26,538 [INFO] Middleware:617 - instanceName : USB_HOST bspName : Drive_VBUS_FS check condition success for : SW_VBUS_DRIVE_CDC_FS = false
2026-04-22 22:31:26,538 [INFO] Middleware:617 - instanceName : USB_HOST bspName : Drive_VBUS_FS check condition success for : SW_VBUS_DRIVE_CDC_FS = false
2026-04-22 22:31:26,538 [INFO] Middleware:617 - instanceName : USB_HOST bspName : Drive_VBUS_HS check condition success for : SW_VBUS_DRIVE_CDC_HS = false
2026-04-22 22:31:26,538 [INFO] Middleware:617 - instanceName : USB_HOST bspName : Drive_VBUS_HS check condition success for : SW_VBUS_DRIVE_CDC_HS = false
2026-04-22 22:31:26,538 [INFO] Middleware:617 - instanceName : USB_HOST bspName : Drive_VBUS_FS check condition success for : SW_VBUS_DRIVE_HID_FS = false
2026-04-22 22:31:26,538 [INFO] Middleware:617 - instanceName : USB_HOST bspName : Drive_VBUS_FS check condition success for : SW_VBUS_DRIVE_HID_FS = false
2026-04-22 22:31:26,538 [INFO] Middleware:617 - instanceName : USB_HOST bspName : Drive_VBUS_HS check condition success for : SW_VBUS_DRIVE_HID_HS = false
2026-04-22 22:31:26,538 [INFO] Middleware:617 - instanceName : USB_HOST bspName : Drive_VBUS_HS check condition success for : SW_VBUS_DRIVE_HID_HS = false
2026-04-22 22:31:26,538 [INFO] Middleware:617 - instanceName : USB_HOST bspName : Drive_VBUS_FS check condition success for : SW_VBUS_DRIVE_MSC_FS = false
2026-04-22 22:31:26,538 [INFO] Middleware:617 - instanceName : USB_HOST bspName : Drive_VBUS_FS check condition success for : SW_VBUS_DRIVE_MSC_FS = false
2026-04-22 22:31:26,538 [INFO] Middleware:617 - instanceName : USB_HOST bspName : Drive_VBUS_HS check condition success for : SW_VBUS_DRIVE_MSC_HS = false
2026-04-22 22:31:26,539 [INFO] Middleware:617 - instanceName : USB_HOST bspName : Drive_VBUS_HS check condition success for : SW_VBUS_DRIVE_MSC_HS = false
2026-04-22 22:31:26,539 [INFO] Middleware:617 - instanceName : USB_HOST bspName : Drive_VBUS_FS check condition success for : ALL_SW_VBUS_DRIVE_FS = false
2026-04-22 22:31:26,539 [INFO] Middleware:617 - instanceName : USB_HOST bspName : Drive_VBUS_FS check condition success for : ALL_SW_VBUS_DRIVE_FS = false
2026-04-22 22:31:26,539 [INFO] Middleware:617 - instanceName : USB_HOST bspName : Drive_VBUS_HS check condition success for : ALL_SW_VBUS_DRIVE_HS = false
2026-04-22 22:31:26,539 [INFO] Middleware:617 - instanceName : USB_HOST bspName : Drive_VBUS_HS check condition success for : ALL_SW_VBUS_DRIVE_HS = false
2026-04-22 22:31:26,539 [INFO] Middleware:617 - instanceName : USB_HOST bspName : Drive_VBUS_FS check condition success for : SW_VBUS_DRIVE_MTP_FS = false
2026-04-22 22:31:26,539 [INFO] Middleware:617 - instanceName : USB_HOST bspName : Drive_VBUS_FS check condition success for : SW_VBUS_DRIVE_MTP_FS = false
2026-04-22 22:31:26,539 [INFO] Middleware:617 - instanceName : USB_HOST bspName : Drive_VBUS_HS check condition success for : SW_VBUS_DRIVE_MTP_HS = false
2026-04-22 22:31:26,539 [INFO] Middleware:617 - instanceName : USB_HOST bspName : Drive_VBUS_HS check condition success for : SW_VBUS_DRIVE_MTP_HS = false
2026-04-22 22:44:56,545 [INFO] Middleware:617 - instanceName : USB_HOST bspName : Drive_VBUS_FS check condition success for : SW_VBUS_DRIVE_AUDIO_FS = false
2026-04-22 22:44:56,546 [INFO] Middleware:617 - instanceName : USB_HOST bspName : Drive_VBUS_FS check condition success for : SW_VBUS_DRIVE_AUDIO_FS = false
2026-04-22 22:44:56,546 [INFO] Middleware:617 - instanceName : USB_HOST bspName : Drive_VBUS_HS check condition success for : SW_VBUS_DRIVE_AUDIO_HS = false
2026-04-22 22:44:56,546 [INFO] Middleware:617 - instanceName : USB_HOST bspName : Drive_VBUS_HS check condition success for : SW_VBUS_DRIVE_AUDIO_HS = false
2026-04-22 22:44:56,546 [INFO] Middleware:617 - instanceName : USB_HOST bspName : Drive_VBUS_FS check condition success for : SW_VBUS_DRIVE_CDC_FS = false
2026-04-22 22:44:56,546 [INFO] Middleware:617 - instanceName : USB_HOST bspName : Drive_VBUS_FS check condition success for : SW_VBUS_DRIVE_CDC_FS = false
2026-04-22 22:44:56,546 [INFO] Middleware:617 - instanceName : USB_HOST bspName : Drive_VBUS_FS check condition success for : SW_VBUS_DRIVE_CDC_FS = false
2026-04-22 22:44:56,546 [INFO] Middleware:617 - instanceName : USB_HOST bspName : Drive_VBUS_HS check condition success for : SW_VBUS_DRIVE_CDC_HS = false
2026-04-22 22:44:56,546 [INFO] Middleware:617 - instanceName : USB_HOST bspName : Drive_VBUS_HS check condition success for : SW_VBUS_DRIVE_CDC_HS = false
2026-04-22 22:44:56,546 [INFO] Middleware:617 - instanceName : USB_HOST bspName : Drive_VBUS_FS check condition success for : SW_VBUS_DRIVE_HID_FS = false
2026-04-22 22:44:56,547 [INFO] Middleware:617 - instanceName : USB_HOST bspName : Drive_VBUS_FS check condition success for : SW_VBUS_DRIVE_HID_FS = false
2026-04-22 22:44:56,547 [INFO] Middleware:617 - instanceName : USB_HOST bspName : Drive_VBUS_HS check condition success for : SW_VBUS_DRIVE_HID_HS = false
2026-04-22 22:44:56,547 [INFO] Middleware:617 - instanceName : USB_HOST bspName : Drive_VBUS_HS check condition success for : SW_VBUS_DRIVE_HID_HS = false
2026-04-22 22:44:56,547 [INFO] Middleware:617 - instanceName : USB_HOST bspName : Drive_VBUS_FS check condition success for : SW_VBUS_DRIVE_MSC_FS = false
2026-04-22 22:44:56,547 [INFO] Middleware:617 - instanceName : USB_HOST bspName : Drive_VBUS_FS check condition success for : SW_VBUS_DRIVE_MSC_FS = false
2026-04-22 22:44:56,547 [INFO] Middleware:617 - instanceName : USB_HOST bspName : Drive_VBUS_HS check condition success for : SW_VBUS_DRIVE_MSC_HS = false
2026-04-22 22:44:56,547 [INFO] Middleware:617 - instanceName : USB_HOST bspName : Drive_VBUS_HS check condition success for : SW_VBUS_DRIVE_MSC_HS = false
2026-04-22 22:44:56,547 [INFO] Middleware:617 - instanceName : USB_HOST bspName : Drive_VBUS_FS check condition success for : ALL_SW_VBUS_DRIVE_FS = false
2026-04-22 22:44:56,547 [INFO] Middleware:617 - instanceName : USB_HOST bspName : Drive_VBUS_FS check condition success for : ALL_SW_VBUS_DRIVE_FS = false
2026-04-22 22:44:56,547 [INFO] Middleware:617 - instanceName : USB_HOST bspName : Drive_VBUS_HS check condition success for : ALL_SW_VBUS_DRIVE_HS = false
2026-04-22 22:44:56,547 [INFO] Middleware:617 - instanceName : USB_HOST bspName : Drive_VBUS_HS check condition success for : ALL_SW_VBUS_DRIVE_HS = false
2026-04-22 22:44:56,547 [INFO] Middleware:617 - instanceName : USB_HOST bspName : Drive_VBUS_FS check condition success for : SW_VBUS_DRIVE_MTP_FS = false
2026-04-22 22:44:56,547 [INFO] Middleware:617 - instanceName : USB_HOST bspName : Drive_VBUS_FS check condition success for : SW_VBUS_DRIVE_MTP_FS = false
2026-04-22 22:44:56,548 [INFO] Middleware:617 - instanceName : USB_HOST bspName : Drive_VBUS_HS check condition success for : SW_VBUS_DRIVE_MTP_HS = false
2026-04-22 22:44:56,548 [INFO] Middleware:617 - instanceName : USB_HOST bspName : Drive_VBUS_HS check condition success for : SW_VBUS_DRIVE_MTP_HS = false
2026-04-22 22:44:56,548 [WARN] BspModel:444 - BSP dependency skipped because of component: name='IOExpander', api='Unknown'
2026-04-22 22:44:56,813 [WARN] IP:2119 - I2C_Coeff_DF not found: check if there is a RefParameter without a condition.
2026-04-22 22:44:56,813 [WARN] IP:2119 - Analog_Filter not found: check if there is a RefParameter without a condition.
2026-04-22 22:44:56,815 [WARN] IP:2119 - I2C_Coeff_DF not found: check if there is a RefParameter without a condition.
2026-04-22 22:44:56,815 [WARN] IP:2119 - Analog_Filter not found: check if there is a RefParameter without a condition.
2026-04-22 22:44:56,841 [INFO] Middleware:617 - instanceName : USB_HOST bspName : Drive_VBUS_FS check condition success for : SW_VBUS_DRIVE_AUDIO_FS = false
2026-04-22 22:44:56,841 [INFO] Middleware:617 - instanceName : USB_HOST bspName : Drive_VBUS_FS check condition success for : SW_VBUS_DRIVE_AUDIO_FS = false
2026-04-22 22:44:56,842 [INFO] Middleware:617 - instanceName : USB_HOST bspName : Drive_VBUS_HS check condition success for : SW_VBUS_DRIVE_AUDIO_HS = false
2026-04-22 22:44:56,842 [INFO] Middleware:617 - instanceName : USB_HOST bspName : Drive_VBUS_HS check condition success for : SW_VBUS_DRIVE_AUDIO_HS = false
2026-04-22 22:44:56,842 [INFO] Middleware:617 - instanceName : USB_HOST bspName : Drive_VBUS_FS check condition success for : SW_VBUS_DRIVE_CDC_FS = false
2026-04-22 22:44:56,842 [INFO] Middleware:617 - instanceName : USB_HOST bspName : Drive_VBUS_FS check condition success for : SW_VBUS_DRIVE_CDC_FS = false
2026-04-22 22:44:56,842 [INFO] Middleware:617 - instanceName : USB_HOST bspName : Drive_VBUS_FS check condition success for : SW_VBUS_DRIVE_CDC_FS = false
2026-04-22 22:44:56,842 [INFO] Middleware:617 - instanceName : USB_HOST bspName : Drive_VBUS_HS check condition success for : SW_VBUS_DRIVE_CDC_HS = false
2026-04-22 22:44:56,842 [INFO] Middleware:617 - instanceName : USB_HOST bspName : Drive_VBUS_HS check condition success for : SW_VBUS_DRIVE_CDC_HS = false
2026-04-22 22:44:56,842 [INFO] Middleware:617 - instanceName : USB_HOST bspName : Drive_VBUS_FS check condition success for : SW_VBUS_DRIVE_HID_FS = false
2026-04-22 22:44:56,842 [INFO] Middleware:617 - instanceName : USB_HOST bspName : Drive_VBUS_FS check condition success for : SW_VBUS_DRIVE_HID_FS = false
2026-04-22 22:44:56,842 [INFO] Middleware:617 - instanceName : USB_HOST bspName : Drive_VBUS_HS check condition success for : SW_VBUS_DRIVE_HID_HS = false
2026-04-22 22:44:56,842 [INFO] Middleware:617 - instanceName : USB_HOST bspName : Drive_VBUS_HS check condition success for : SW_VBUS_DRIVE_HID_HS = false
2026-04-22 22:44:56,842 [INFO] Middleware:617 - instanceName : USB_HOST bspName : Drive_VBUS_FS check condition success for : SW_VBUS_DRIVE_MSC_FS = false
2026-04-22 22:44:56,842 [INFO] Middleware:617 - instanceName : USB_HOST bspName : Drive_VBUS_FS check condition success for : SW_VBUS_DRIVE_MSC_FS = false
2026-04-22 22:44:56,842 [INFO] Middleware:617 - instanceName : USB_HOST bspName : Drive_VBUS_HS check condition success for : SW_VBUS_DRIVE_MSC_HS = false
2026-04-22 22:44:56,842 [INFO] Middleware:617 - instanceName : USB_HOST bspName : Drive_VBUS_HS check condition success for : SW_VBUS_DRIVE_MSC_HS = false
2026-04-22 22:44:56,842 [INFO] Middleware:617 - instanceName : USB_HOST bspName : Drive_VBUS_FS check condition success for : ALL_SW_VBUS_DRIVE_FS = false
2026-04-22 22:44:56,843 [INFO] Middleware:617 - instanceName : USB_HOST bspName : Drive_VBUS_FS check condition success for : ALL_SW_VBUS_DRIVE_FS = false
2026-04-22 22:44:56,843 [INFO] Middleware:617 - instanceName : USB_HOST bspName : Drive_VBUS_HS check condition success for : ALL_SW_VBUS_DRIVE_HS = false
2026-04-22 22:44:56,843 [INFO] Middleware:617 - instanceName : USB_HOST bspName : Drive_VBUS_HS check condition success for : ALL_SW_VBUS_DRIVE_HS = false
2026-04-22 22:44:56,843 [INFO] Middleware:617 - instanceName : USB_HOST bspName : Drive_VBUS_FS check condition success for : SW_VBUS_DRIVE_MTP_FS = false
2026-04-22 22:44:56,843 [INFO] Middleware:617 - instanceName : USB_HOST bspName : Drive_VBUS_FS check condition success for : SW_VBUS_DRIVE_MTP_FS = false
2026-04-22 22:44:56,843 [INFO] Middleware:617 - instanceName : USB_HOST bspName : Drive_VBUS_HS check condition success for : SW_VBUS_DRIVE_MTP_HS = false
2026-04-22 22:44:56,843 [INFO] Middleware:617 - instanceName : USB_HOST bspName : Drive_VBUS_HS check condition success for : SW_VBUS_DRIVE_MTP_HS = false
2026-04-22 22:44:57,008 [INFO] Middleware:617 - instanceName : USB_HOST bspName : Drive_VBUS_FS check condition success for : SW_VBUS_DRIVE_AUDIO_FS = false
2026-04-22 22:44:57,008 [INFO] Middleware:617 - instanceName : USB_HOST bspName : Drive_VBUS_FS check condition success for : SW_VBUS_DRIVE_AUDIO_FS = false
2026-04-22 22:44:57,008 [INFO] Middleware:617 - instanceName : USB_HOST bspName : Drive_VBUS_HS check condition success for : SW_VBUS_DRIVE_AUDIO_HS = false
2026-04-22 22:44:57,008 [INFO] Middleware:617 - instanceName : USB_HOST bspName : Drive_VBUS_HS check condition success for : SW_VBUS_DRIVE_AUDIO_HS = false
2026-04-22 22:44:57,008 [INFO] Middleware:617 - instanceName : USB_HOST bspName : Drive_VBUS_FS check condition success for : SW_VBUS_DRIVE_CDC_FS = false
2026-04-22 22:44:57,009 [INFO] Middleware:617 - instanceName : USB_HOST bspName : Drive_VBUS_FS check condition success for : SW_VBUS_DRIVE_CDC_FS = false
2026-04-22 22:44:57,009 [INFO] Middleware:617 - instanceName : USB_HOST bspName : Drive_VBUS_FS check condition success for : SW_VBUS_DRIVE_CDC_FS = false
2026-04-22 22:44:57,009 [INFO] Middleware:617 - instanceName : USB_HOST bspName : Drive_VBUS_HS check condition success for : SW_VBUS_DRIVE_CDC_HS = false
2026-04-22 22:44:57,009 [INFO] Middleware:617 - instanceName : USB_HOST bspName : Drive_VBUS_HS check condition success for : SW_VBUS_DRIVE_CDC_HS = false
2026-04-22 22:44:57,009 [INFO] Middleware:617 - instanceName : USB_HOST bspName : Drive_VBUS_FS check condition success for : SW_VBUS_DRIVE_HID_FS = false
2026-04-22 22:44:57,009 [INFO] Middleware:617 - instanceName : USB_HOST bspName : Drive_VBUS_FS check condition success for : SW_VBUS_DRIVE_HID_FS = false
2026-04-22 22:44:57,009 [INFO] Middleware:617 - instanceName : USB_HOST bspName : Drive_VBUS_HS check condition success for : SW_VBUS_DRIVE_HID_HS = false
2026-04-22 22:44:57,009 [INFO] Middleware:617 - instanceName : USB_HOST bspName : Drive_VBUS_HS check condition success for : SW_VBUS_DRIVE_HID_HS = false
2026-04-22 22:44:57,009 [INFO] Middleware:617 - instanceName : USB_HOST bspName : Drive_VBUS_FS check condition success for : SW_VBUS_DRIVE_MSC_FS = false
2026-04-22 22:44:57,009 [INFO] Middleware:617 - instanceName : USB_HOST bspName : Drive_VBUS_FS check condition success for : SW_VBUS_DRIVE_MSC_FS = false
2026-04-22 22:44:57,009 [INFO] Middleware:617 - instanceName : USB_HOST bspName : Drive_VBUS_HS check condition success for : SW_VBUS_DRIVE_MSC_HS = false
2026-04-22 22:44:57,009 [INFO] Middleware:617 - instanceName : USB_HOST bspName : Drive_VBUS_HS check condition success for : SW_VBUS_DRIVE_MSC_HS = false
2026-04-22 22:44:57,010 [INFO] Middleware:617 - instanceName : USB_HOST bspName : Drive_VBUS_FS check condition success for : ALL_SW_VBUS_DRIVE_FS = false
2026-04-22 22:44:57,010 [INFO] Middleware:617 - instanceName : USB_HOST bspName : Drive_VBUS_FS check condition success for : ALL_SW_VBUS_DRIVE_FS = false
2026-04-22 22:44:57,010 [INFO] Middleware:617 - instanceName : USB_HOST bspName : Drive_VBUS_HS check condition success for : ALL_SW_VBUS_DRIVE_HS = false
2026-04-22 22:44:57,010 [INFO] Middleware:617 - instanceName : USB_HOST bspName : Drive_VBUS_HS check condition success for : ALL_SW_VBUS_DRIVE_HS = false
2026-04-22 22:44:57,010 [INFO] Middleware:617 - instanceName : USB_HOST bspName : Drive_VBUS_FS check condition success for : SW_VBUS_DRIVE_MTP_FS = false
2026-04-22 22:44:57,010 [INFO] Middleware:617 - instanceName : USB_HOST bspName : Drive_VBUS_FS check condition success for : SW_VBUS_DRIVE_MTP_FS = false
2026-04-22 22:44:57,010 [INFO] Middleware:617 - instanceName : USB_HOST bspName : Drive_VBUS_HS check condition success for : SW_VBUS_DRIVE_MTP_HS = false
2026-04-22 22:44:57,010 [INFO] Middleware:617 - instanceName : USB_HOST bspName : Drive_VBUS_HS check condition success for : SW_VBUS_DRIVE_MTP_HS = false
2026-04-22 22:44:57,010 [WARN] BspModel:444 - BSP dependency skipped because of component: name='IOExpander', api='Unknown'
2026-04-22 22:58:05,809 [INFO] UtilMem:75 - End SaveConfig() Used Memory: 598180304 Bytes (804257792)
2026-04-22 22:58:07,732 [INFO] UtilMem:75 - End SaveConfig() Used Memory: 410837280 Bytes (804257792)
2026-04-22 22:58:16,033 [INFO] UtilMem:75 - End SaveConfig() Used Memory: 515375504 Bytes (804257792)
2026-04-22 22:58:17,130 [INFO] BlockDiagram:2759 - set Specific Code input for plugin: SPI
2026-04-22 22:58:17,130 [INFO] BlockDiagram:2759 - set Specific Code input for plugin: I2S
2026-04-22 22:58:17,130 [INFO] BlockDiagram:2759 - set Specific Code input for plugin: SYS
2026-04-22 22:58:17,130 [INFO] BlockDiagram:2759 - set Specific Code input for plugin: RCC
2026-04-22 22:58:17,130 [INFO] BlockDiagram:2759 - set Specific Code input for plugin: I2C
2026-04-22 22:58:17,130 [INFO] BlockDiagram:2759 - set Specific Code input for plugin: USB_OTG_FS
2026-04-22 22:58:17,130 [INFO] BlockDiagram:2759 - set Specific Code input for plugin: NVIC
2026-04-22 22:58:17,130 [INFO] BlockDiagram:2759 - set Specific Code input for plugin: USB_HOST
2026-04-22 22:58:17,130 [INFO] BlockDiagram:2759 - set Specific Code input for plugin: USART
2026-04-22 22:58:17,131 [INFO] BlockDiagram:2759 - set Specific Code input for plugin: GPIO
2026-04-22 22:58:17,133 [INFO] CodeGenerator:807 - code generatio: config db path: C:\ST\STM32CubeIDE_1.14.0\STM32CubeIDE\plugins\com.st.stm32cube.common.mx_6.10.0.202311202037\\db\
2026-04-22 22:58:17,139 [WARN] IP:2119 - I2C_Coeff_DF not found: check if there is a RefParameter without a condition.
2026-04-22 22:58:17,139 [WARN] IP:2119 - Analog_Filter not found: check if there is a RefParameter without a condition.
2026-04-22 22:58:17,365 [ERROR] ConfigurationRetriever:142 - IOException on connection: sw-center.st.com
2026-04-22 22:58:17,366 [ERROR] ConfigurationRetriever:142 - IOException on connection: sw-center.st.com
2026-04-22 22:58:17,368 [ERROR] ConfigurationRetriever:142 - IOException on connection: sw-center.st.com
2026-04-22 22:58:17,715 [INFO] CodeEngine:255 - oldGeneratedFile, C:\Users\hop\Documents\GitHub\stm32_code\code\f4disc1_001_uart_hello_world\MXTmpFiles\license.tmp_save
2026-04-22 22:58:17,940 [ERROR] ConfigurationRetriever:142 - IOException on connection: sw-center.st.com
2026-04-22 22:58:17,943 [ERROR] ConfigurationRetriever:142 - IOException on connection: sw-center.st.com
2026-04-22 22:58:17,944 [ERROR] ConfigurationRetriever:142 - IOException on connection: sw-center.st.com
2026-04-22 22:58:17,946 [ERROR] ConfigurationRetriever:142 - IOException on connection: sw-center.st.com
2026-04-22 22:58:17,948 [ERROR] ConfigurationRetriever:142 - IOException on connection: sw-center.st.com
2026-04-22 22:58:17,949 [ERROR] ConfigurationRetriever:142 - IOException on connection: sw-center.st.com
2026-04-22 22:58:18,856 [INFO] CodeEngine:279 - Generated code: C:\Users\hop\Documents\GitHub\stm32_code\code\f4disc1_001_uart_hello_world\MXTmpFiles\license.tmp
2026-04-22 22:58:19,143 [INFO] CodeEngine:255 - oldGeneratedFile, C:\Users\hop\Documents\GitHub\stm32_code\code\f4disc1_001_uart_hello_world\MXTmpFiles\gpio.tmp_save
2026-04-22 22:58:19,427 [INFO] CodeEngine:279 - Generated code: C:\Users\hop\Documents\GitHub\stm32_code\code\f4disc1_001_uart_hello_world\MXTmpFiles\gpio.tmp
2026-04-22 22:58:19,719 [WARN] IPConfigManager:2946 - Warning: the RefConfig PWREx_EnableUSBVoltageDetector is not available in your config.xml file
2026-04-22 22:58:19,759 [INFO] CodeEngine:255 - oldGeneratedFile, C:\Users\hop\Documents\GitHub\stm32_code\code\f4disc1_001_uart_hello_world\MXTmpFiles\usb_otg_fs_vars.tmp_save
2026-04-22 22:58:20,016 [INFO] CodeEngine:279 - Generated code: C:\Users\hop\Documents\GitHub\stm32_code\code\f4disc1_001_uart_hello_world\MXTmpFiles\usb_otg_fs_vars.tmp
2026-04-22 22:58:20,027 [INFO] CodeEngine:255 - oldGeneratedFile, C:\Users\hop\Documents\GitHub\stm32_code\code\f4disc1_001_uart_hello_world\MXTmpFiles\usb_otg_fs_inc.tmp_save
2026-04-22 22:58:20,268 [INFO] CodeEngine:279 - Generated code: C:\Users\hop\Documents\GitHub\stm32_code\code\f4disc1_001_uart_hello_world\MXTmpFiles\usb_otg_fs_inc.tmp
2026-04-22 22:58:20,294 [INFO] CodeEngine:255 - oldGeneratedFile, C:\Users\hop\Documents\GitHub\stm32_code\code\f4disc1_001_uart_hello_world\MXTmpFiles\usb_otg_fs_HalInit.tmp_save
2026-04-22 22:58:20,532 [INFO] CodeEngine:279 - Generated code: C:\Users\hop\Documents\GitHub\stm32_code\code\f4disc1_001_uart_hello_world\MXTmpFiles\usb_otg_fs_HalInit.tmp
2026-04-22 22:58:20,552 [INFO] CodeEngine:255 - oldGeneratedFile, C:\Users\hop\Documents\GitHub\stm32_code\code\f4disc1_001_uart_hello_world\MXTmpFiles\usb_otg_fs_Msp.tmp_save
2026-04-22 22:58:20,861 [INFO] CodeEngine:279 - Generated code: C:\Users\hop\Documents\GitHub\stm32_code\code\f4disc1_001_uart_hello_world\MXTmpFiles\usb_otg_fs_Msp.tmp
2026-04-22 22:58:22,948 [INFO] CodeEngine:255 - oldGeneratedFile, C:\Users\hop\Documents\GitHub\stm32_code\code\f4disc1_001_uart_hello_world\USB_HOST\App\usb_host.c_save
2026-04-22 22:58:23,127 [INFO] CodeEngine:279 - Generated code: C:\Users\hop\Documents\GitHub\stm32_code\code\f4disc1_001_uart_hello_world\USB_HOST\App\usb_host.c
2026-04-22 22:58:23,142 [INFO] CodeEngine:255 - oldGeneratedFile, C:\Users\hop\Documents\GitHub\stm32_code\code\f4disc1_001_uart_hello_world\USB_HOST\App\usb_host.h_save
2026-04-22 22:58:23,322 [INFO] CodeEngine:279 - Generated code: C:\Users\hop\Documents\GitHub\stm32_code\code\f4disc1_001_uart_hello_world\USB_HOST\App\usb_host.h
2026-04-22 22:58:23,335 [INFO] CodeEngine:255 - oldGeneratedFile, C:\Users\hop\Documents\GitHub\stm32_code\code\f4disc1_001_uart_hello_world\USB_HOST\Target\usbh_conf.h_save
2026-04-22 22:58:23,549 [INFO] CodeEngine:279 - Generated code: C:\Users\hop\Documents\GitHub\stm32_code\code\f4disc1_001_uart_hello_world\USB_HOST\Target\usbh_conf.h
2026-04-22 22:58:23,567 [INFO] CodeEngine:255 - oldGeneratedFile, C:\Users\hop\Documents\GitHub\stm32_code\code\f4disc1_001_uart_hello_world\USB_HOST\Target\usbh_conf.c_save
2026-04-22 22:58:23,851 [INFO] CodeEngine:279 - Generated code: C:\Users\hop\Documents\GitHub\stm32_code\code\f4disc1_001_uart_hello_world\USB_HOST\Target\usbh_conf.c
2026-04-22 22:58:23,882 [INFO] CodeEngine:255 - oldGeneratedFile, C:\Users\hop\Documents\GitHub\stm32_code\code\f4disc1_001_uart_hello_world\USB_HOST\Target\usbh_platform.c_save
2026-04-22 22:58:24,097 [INFO] CodeEngine:279 - Generated code: C:\Users\hop\Documents\GitHub\stm32_code\code\f4disc1_001_uart_hello_world\USB_HOST\Target\usbh_platform.c
2026-04-22 22:58:24,119 [INFO] CodeEngine:255 - oldGeneratedFile, C:\Users\hop\Documents\GitHub\stm32_code\code\f4disc1_001_uart_hello_world\USB_HOST\Target\usbh_platform.h_save
2026-04-22 22:58:24,329 [INFO] CodeEngine:279 - Generated code: C:\Users\hop\Documents\GitHub\stm32_code\code\f4disc1_001_uart_hello_world\USB_HOST\Target\usbh_platform.h
2026-04-22 22:58:24,393 [INFO] CodeEngine:255 - oldGeneratedFile, C:\Users\hop\Documents\GitHub\stm32_code\code\f4disc1_001_uart_hello_world\Core\Src\stm32f4xx_it.c_save
2026-04-22 22:58:24,893 [INFO] CodeEngine:279 - Generated code: C:\Users\hop\Documents\GitHub\stm32_code\code\f4disc1_001_uart_hello_world\Core\Src\stm32f4xx_it.c
2026-04-22 22:58:24,913 [INFO] CodeEngine:255 - oldGeneratedFile, C:\Users\hop\Documents\GitHub\stm32_code\code\f4disc1_001_uart_hello_world\Core\Inc\stm32f4xx_it.h_save
2026-04-22 22:58:25,127 [INFO] CodeEngine:279 - Generated code: C:\Users\hop\Documents\GitHub\stm32_code\code\f4disc1_001_uart_hello_world\Core\Inc\stm32f4xx_it.h
2026-04-22 22:58:25,178 [INFO] CodeEngine:255 - oldGeneratedFile, C:\Users\hop\Documents\GitHub\stm32_code\code\f4disc1_001_uart_hello_world\Core\Src\stm32f4xx_hal_msp.c_save
2026-04-22 22:58:25,494 [INFO] CodeEngine:279 - Generated code: C:\Users\hop\Documents\GitHub\stm32_code\code\f4disc1_001_uart_hello_world\Core\Src\stm32f4xx_hal_msp.c
2026-04-22 22:58:25,520 [INFO] CodeEngine:255 - oldGeneratedFile, C:\Users\hop\Documents\GitHub\stm32_code\code\f4disc1_001_uart_hello_world\MXTmpFiles\system.tmp_save
2026-04-22 22:58:25,681 [INFO] CodeEngine:279 - Generated code: C:\Users\hop\Documents\GitHub\stm32_code\code\f4disc1_001_uart_hello_world\MXTmpFiles\system.tmp
2026-04-22 22:58:25,709 [INFO] CodeEngine:311 - oldGeneratedFile, C:\Users\hop\Documents\GitHub\stm32_code\code\f4disc1_001_uart_hello_world\Core\Inc\stm32f4xx_hal_conf.h_save
2026-04-22 22:58:25,889 [INFO] CodeEngine:335 - Generated code: C:\Users\hop\Documents\GitHub\stm32_code\code\f4disc1_001_uart_hello_world\Core\Inc\stm32f4xx_hal_conf.h
2026-04-22 22:58:26,020 [INFO] CodeEngine:255 - oldGeneratedFile, C:\Users\hop\Documents\GitHub\stm32_code\code\f4disc1_001_uart_hello_world\Core\Inc\main.h_save
2026-04-22 22:58:26,245 [INFO] CodeEngine:279 - Generated code: C:\Users\hop\Documents\GitHub\stm32_code\code\f4disc1_001_uart_hello_world\Core\Inc\main.h
2026-04-22 22:58:26,264 [INFO] CodeEngine:255 - oldGeneratedFile, C:\Users\hop\Documents\GitHub\stm32_code\code\f4disc1_001_uart_hello_world\Core\Src\main.c_save
2026-04-22 22:58:26,561 [INFO] CodeEngine:279 - Generated code: C:\Users\hop\Documents\GitHub\stm32_code\code\f4disc1_001_uart_hello_world\Core\Src\main.c
2026-04-22 22:58:28,059 [INFO] ProjectBuilder:3076 - Time for Copy HAL[1] : 640mS.
2026-04-22 22:58:28,074 [INFO] ProjectBuilder:4485 - Project Generator version: 4.2.0-B44
2026-04-22 22:58:28,528 [INFO] ConfigFileManager:1495 - The Die is : DIE413
2026-04-22 22:58:34,982 [INFO] ProjectBuilder:4747 - Time for Generating toolchain IDE Files: 6908mS.
2026-04-22 22:58:34,983 [INFO] ProjectBuilder:2947 - Time for Copy CMSIS : 1mS.
2026-04-22 22:58:35,005 [INFO] ProjectBuilder:2947 - Time for Copy CMSIS : 0mS.
2026-04-22 22:58:37,114 [ERROR] ConfigurationRetriever:142 - IOException on connection: Connection reset
2026-04-22 22:58:37,997 [ERROR] ConfigurationRetriever:142 - IOException on connection: Connection reset
2026-04-22 22:58:38,727 [ERROR] ConfigurationRetriever:142 - IOException on connection: Connection reset
2026-04-22 23:22:45,322 [ERROR] ConfigurationRetriever:142 - IOException on connection: sw-center.st.com
2026-04-22 23:22:45,323 [ERROR] ConfigurationRetriever:142 - IOException on connection: sw-center.st.com
2026-04-22 23:22:45,324 [ERROR] ConfigurationRetriever:142 - IOException on connection: sw-center.st.com
2026-04-22 23:23:48,827 [ERROR] ConfigurationRetriever:142 - IOException on connection: sw-center.st.com
2026-04-22 23:23:48,829 [ERROR] ConfigurationRetriever:142 - IOException on connection: sw-center.st.com
2026-04-22 23:23:48,830 [ERROR] ConfigurationRetriever:142 - IOException on connection: sw-center.st.com
